id,text,ward,department,category,filed_date,is_synthetic
1,"Respected Municipal Commissioner, Public dustbins overflowing and damaged near market area in Ward 1. Need immediate clearing. Please take prompt action.",Ward 1,Sanitation,Sanitation,2026-02-04,True
2,"Electric pole tilted dangerously after storm in Ward 12, risk of collapse. Immediate inspection requested.",Ward 12,Electrical,Electrical,2026-01-30,True
3,"Respected Municipal Commissioner, Primary health center in Ward 1 has severe shortage of essential fever medicines and ORS packets. Please take prompt action.",Ward 1,Health,Health,2026-01-30,True
4,"Sir, bringing to your immediate notice: Overgrown tree branches touching high-tension power lines near house number 45 in Ward 10. Repeated complaints to ward councillor have gone unheard.",Ward 10,Forest,Forest,2026-01-30,True
5,Speed breaker missing near school crossing in Ward 8 where vehicles overspeed dangerously. Please take prompt action.,Ward 8,Roads,Roads,2026-02-03,True
6,"Respected Municipal Commissioner, Primary health center in Ward 6 has severe shortage of essential fever medicines and ORS packets. Citizens are suffering greatly.",Ward 6,Health,Health,2026-02-01,True
7,Urgent complaint: Garbage not collected for 1 week in Ward 2. Smell is unbearable and stray animals are scattering waste everywhere. Citizens are suffering greatly.,Ward 2,Sanitation,Sanitation,2026-02-02,True
8,"Sir, bringing to your immediate notice: New LED street lights flickering continuously causing glare and headache in Ward 1.",Ward 1,Streetlights,Streetlights,2026-02-04,True
9,"Sir, bringing to your immediate notice: Anti-larval fogging not carried out in Ward 2 despite multiple reported dengue cases. Citizens are suffering greatly.",Ward 2,Health,Health,2026-02-03,True
10,"Respected Municipal Commissioner, Deep potholes on main bus route in Ward 12 causing frequent two-wheeler accidents. Citizens are suffering greatly.",Ward 12,Roads,Roads,2026-01-30,True
11,Kindly note that Garbage not collected for 1 week in Ward 4. Smell is unbearable and stray animals are scattering waste everywhere. Citizens are suffering greatly.,Ward 4,Sanitation,Sanitation,2026-02-05,True
12,"Respected Municipal Commissioner, Delay in issuing trade license renewal certificate from zonal revenue office for Ward 11. Citizens are suffering greatly.",Ward 11,Revenue,Revenue,2026-02-05,True
13,"Boundary wall of municipal school collapsed in Ward 4, stray cattle entering premises. Immediate inspection requested.",Ward 4,Education,Education,2026-02-04,True
14,"Respected Municipal Commissioner, Transformer sparking intermittently during evening peak hours in Ward 9. Sparks falling near shops. Repeated complaints to ward councillor have gone unheard.",Ward 9,Electrical,Electrical,2026-02-04,True
15,"Sir, bringing to your immediate notice: Ambulance parking blocked by unauthorized vendors near clinic in Ward 5. Please take prompt action.",Ward 5,Health,Health,2026-02-04,True
16,Urgent complaint: Government primary school in Ward 1 lacks clean drinking water facility for students. Repeated complaints to ward councillor have gone unheard.,Ward 1,Education,Education,2026-01-31,True
17,Urgent complaint: Underground cable fault knocked out entire street lighting grid in Ward 2. Please take prompt action.,Ward 2,Streetlights,Streetlights,2026-01-31,True
18,"Respected Municipal Commissioner, Delay in issuing trade license renewal certificate from zonal revenue office for Ward 7. Citizens are suffering greatly.",Ward 7,Revenue,Revenue,2026-02-04,True
19,"Sir, bringing to your immediate notice: Electric pole tilted dangerously after storm in Ward 4, risk of collapse. Citizens are suffering greatly.",Ward 4,Electrical,Electrical,2026-02-04,True
20,"Respected Municipal Commissioner, Anti-larval fogging not carried out in Ward 10 despite multiple reported dengue cases. Please take prompt action.",Ward 10,Health,Health,2026-02-02,True
21,Overgrown tree branches touching high-tension power lines near house number 45 in Ward 8. Please take prompt action.,Ward 8,Forest,Forest,2026-01-30,True
22,"Electric pole tilted dangerously after storm in Ward 11, risk of collapse. Repeated complaints to ward councillor have gone unheard.",Ward 11,Electrical,Electrical,2026-02-02,True
23,Urgent complaint: Ambulance parking blocked by unauthorized vendors near clinic in Ward 10. Immediate inspection requested.,Ward 10,Health,Health,2026-02-02,True
24,"Sir, bringing to your immediate notice: No water supply in Ward 11 since last 3 days. The overhead tank is overflowing but no water reaching houses in lane 3. Citizens are suffering greatly.",Ward 11,Water Supply,Water Supply,2026-02-04,True
25,"Respected Municipal Commissioner, Boundary wall of municipal school collapsed in Ward 2, stray cattle entering premises. Repeated complaints to ward councillor have gone unheard.",Ward 2,Education,Education,2026-02-01,True
26,"Sir, bringing to your immediate notice: Underground pipeline burst near main junction in Ward 12. Potable water is flooding the street for 24 hours. Please take prompt action.",Ward 12,Water Supply,Water Supply,2026-02-04,True
27,"Sir, bringing to your immediate notice: Dry eucalyptus tree leaning towards residential roof in Ward 2, requires emergency pruning. Immediate inspection requested.",Ward 2,Forest,Forest,2026-02-05,True
28,"Sir, bringing to your immediate notice: Road dug up for pipeline work in Ward 3 left unpaved and open for over a month. Immediate inspection requested.",Ward 3,Roads,Roads,2026-02-01,True
29,Extremely low water pressure in Ward 10. Even motors cannot lift water to storage tanks on first floor.,Ward 10,Water Supply,Water Supply,2026-02-01,True
30,"Respected Municipal Commissioner, Government primary school in Ward 5 lacks clean drinking water facility for students. Immediate inspection requested.",Ward 5,Education,Education,2026-01-31,True
31,Dead animal lying on roadside in Ward 2 causing severe foul smell and health hazard. Immediate inspection requested.,Ward 2,Sanitation,Sanitation,2026-02-04,True
32,"Sir, bringing to your immediate notice: Power outage lasting more than 8 hours without prior notice in Ward 3. Please take prompt action.",Ward 3,Electrical,Electrical,2026-02-04,True
33,Kindly note that Underground cable fault knocked out entire street lighting grid in Ward 9. Please take prompt action.,Ward 9,Streetlights,Streetlights,2026-02-05,True
34,Urgent complaint: Overgrown tree branches touching high-tension power lines near house number 45 in Ward 12. Repeated complaints to ward councillor have gone unheard.,Ward 12,Forest,Forest,2026-02-04,True
35,"Boundary wall of municipal school collapsed in Ward 8, stray cattle entering premises. Please take prompt action.",Ward 8,Education,Education,2026-02-03,True
36,"Sir, bringing to your immediate notice: Deep potholes on main bus route in Ward 2 causing frequent two-wheeler accidents. Immediate inspection requested.",Ward 2,Roads,Roads,2026-02-01,True
37,Deep potholes on main bus route in Ward 10 causing frequent two-wheeler accidents.,Ward 10,Roads,Roads,2026-01-31,True
38,Speed breaker missing near school crossing in Ward 2 where vehicles overspeed dangerously. Immediate inspection requested.,Ward 2,Roads,Roads,2026-01-30,True
39,"Respected Municipal Commissioner, Waterlogging on road after brief rain in Ward 5 due to lack of storm water gradient. Immediate inspection requested.",Ward 5,Roads,Roads,2026-02-04,True
40,"Kindly note that Electric pole tilted dangerously after storm in Ward 12, risk of collapse. Please take prompt action.",Ward 12,Electrical,Electrical,2026-02-03,True
41,Property tax assessment receipt not generated despite online payment deduction in Ward 7. Repeated complaints to ward councillor have gone unheard.,Ward 7,Revenue,Revenue,2026-01-31,True
42,"Boundary wall of municipal school collapsed in Ward 7, stray cattle entering premises.",Ward 7,Education,Education,2026-02-02,True
43,Underground pipeline burst near main junction in Ward 7. Potable water is flooding the street for 24 hours. Please take prompt action.,Ward 7,Water Supply,Water Supply,2026-02-04,True
44,"Respected Municipal Commissioner, Waterlogging on road after brief rain in Ward 4 due to lack of storm water gradient. Repeated complaints to ward councillor have gone unheard.",Ward 4,Roads,Roads,2026-02-03,True
45,Transformer sparking intermittently during evening peak hours in Ward 5. Sparks falling near shops. Repeated complaints to ward councillor have gone unheard.,Ward 5,Electrical,Electrical,2026-02-02,True
46,Overgrown tree branches touching high-tension power lines near house number 45 in Ward 2. Please take prompt action.,Ward 2,Forest,Forest,2026-01-30,True
47,"Respected Municipal Commissioner, Power outage lasting more than 8 hours without prior notice in Ward 7. Repeated complaints to ward councillor have gone unheard.",Ward 7,Electrical,Electrical,2026-02-02,True
48,Kindly note that No water supply in Ward 3 since last 3 days. The overhead tank is overflowing but no water reaching houses in lane 3. Citizens are suffering greatly.,Ward 3,Water Supply,Water Supply,2026-02-02,True
49,"Respected Municipal Commissioner, Delay in issuing trade license renewal certificate from zonal revenue office for Ward 5. Please take prompt action.",Ward 5,Revenue,Revenue,2026-02-02,True
50,"Sir, bringing to your immediate notice: Underground cable fault knocked out entire street lighting grid in Ward 4.",Ward 4,Streetlights,Streetlights,2026-01-30,True
51,Kindly note that No ceiling fans working in class 5 classroom during summer heat in Ward 1. Immediate inspection requested.,Ward 1,Education,Education,2026-01-30,True
52,"Respected Municipal Commissioner, Overgrown tree branches touching high-tension power lines near house number 45 in Ward 3.",Ward 3,Forest,Forest,2026-01-30,True
53,Kindly note that Open sewage drain overflowing across the walking street in Ward 11. Mosquito breeding hazard.,Ward 11,Sanitation,Sanitation,2026-02-05,True
54,"Sir, bringing to your immediate notice: Deep potholes on main bus route in Ward 10 causing frequent two-wheeler accidents.",Ward 10,Roads,Roads,2026-02-03,True
55,"Sir, bringing to your immediate notice: Ambulance parking blocked by unauthorized vendors near clinic in Ward 11. Citizens are suffering greatly.",Ward 11,Health,Health,2026-02-03,True
56,"Respected Municipal Commissioner, Dark stretch of 500 meters along canal road in Ward 4 due to non-functional sodium lamps. Citizens are suffering greatly.",Ward 4,Streetlights,Streetlights,2026-02-04,True
57,Urgent complaint: Ambulance parking blocked by unauthorized vendors near clinic in Ward 3. Repeated complaints to ward councillor have gone unheard.,Ward 3,Health,Health,2026-02-04,True
58,"Sir, bringing to your immediate notice: Boundary wall of municipal school collapsed in Ward 2, stray cattle entering premises. Immediate inspection requested.",Ward 2,Education,Education,2026-01-30,True
59,"Sir, bringing to your immediate notice: Open sewage drain overflowing across the walking street in Ward 2. Mosquito breeding hazard. Citizens are suffering greatly.",Ward 2,Sanitation,Sanitation,2026-02-03,True
60,Urgent complaint: Transformer sparking intermittently during evening peak hours in Ward 6. Sparks falling near shops. Citizens are suffering greatly.,Ward 6,Electrical,Electrical,2026-01-30,True
61,"Urgent complaint: Electric pole tilted dangerously after storm in Ward 8, risk of collapse. Immediate inspection requested.",Ward 8,Electrical,Electrical,2026-02-05,True
62,"Dry eucalyptus tree leaning towards residential roof in Ward 1, requires emergency pruning. Please take prompt action.",Ward 1,Forest,Forest,2026-02-04,True
63,"Respected Municipal Commissioner, Underground cable fault knocked out entire street lighting grid in Ward 2. Citizens are suffering greatly.",Ward 2,Streetlights,Streetlights,2026-01-30,True
64,"Respected Municipal Commissioner, Dark stretch of 500 meters along canal road in Ward 10 due to non-functional sodium lamps. Citizens are suffering greatly.",Ward 10,Streetlights,Streetlights,2026-01-31,True
65,Overgrown tree branches touching high-tension power lines near house number 45 in Ward 8. Repeated complaints to ward councillor have gone unheard.,Ward 8,Forest,Forest,2026-02-01,True
66,"Respected Municipal Commissioner, Dark stretch of 500 meters along canal road in Ward 1 due to non-functional sodium lamps. Citizens are suffering greatly.",Ward 1,Streetlights,Streetlights,2026-01-30,True
67,"Kindly note that Electric pole tilted dangerously after storm in Ward 12, risk of collapse. Immediate inspection requested.",Ward 12,Electrical,Electrical,2026-02-02,True
68,"Sir, bringing to your immediate notice: Contaminated drinking water being pumped into our residential area in Ward 2. It has bad odor and muddy color.",Ward 2,Water Supply,Water Supply,2026-01-30,True
69,Kindly note that Government primary school in Ward 10 lacks clean drinking water facility for students. Please take prompt action.,Ward 10,Education,Education,2026-02-03,True
70,Urgent complaint: No water supply in Ward 5 since last 3 days. The overhead tank is overflowing but no water reaching houses in lane 3. Please take prompt action.,Ward 5,Water Supply,Water Supply,2026-02-01,True
71,"Sir, bringing to your immediate notice: Speed breaker missing near school crossing in Ward 11 where vehicles overspeed dangerously. Repeated complaints to ward councillor have gone unheard.",Ward 11,Roads,Roads,2026-01-30,True
72,"Respected Municipal Commissioner, Transformer sparking intermittently during evening peak hours in Ward 4. Sparks falling near shops. Repeated complaints to ward councillor have gone unheard.",Ward 4,Electrical,Electrical,2026-02-05,True
73,Kindly note that Underground pipeline burst near main junction in Ward 3. Potable water is flooding the street for 24 hours. Please take prompt action.,Ward 3,Water Supply,Water Supply,2026-02-04,True
74,Kindly note that Street light near primary school has been broken for 2 months in Ward 3. Children walk in darkness during winter mornings.,Ward 3,Streetlights,Streetlights,2026-02-05,True
75,Urgent complaint: Delay in issuing trade license renewal certificate from zonal revenue office for Ward 4. Citizens are suffering greatly.,Ward 4,Revenue,Revenue,2026-01-31,True
76,Kindly note that Road dug up for pipeline work in Ward 4 left unpaved and open for over a month. Citizens are suffering greatly.,Ward 4,Roads,Roads,2026-01-30,True
77,Urgent complaint: Dark stretch of 500 meters along canal road in Ward 2 due to non-functional sodium lamps. Immediate inspection requested.,Ward 2,Streetlights,Streetlights,2026-02-05,True
78,Urgent complaint: Ambulance parking blocked by unauthorized vendors near clinic in Ward 11.,Ward 11,Health,Health,2026-02-05,True
79,Urgent complaint: Sanitation workers have not swept the residential colony in Ward 5 for over two weeks.,Ward 5,Sanitation,Sanitation,2026-01-31,True
80,Urgent complaint: Public dustbins overflowing and damaged near market area in Ward 10. Need immediate clearing. Repeated complaints to ward councillor have gone unheard.,Ward 10,Sanitation,Sanitation,2026-02-02,True
81,Urgent complaint: Overgrown tree branches touching high-tension power lines near house number 45 in Ward 2.,Ward 2,Forest,Forest,2026-02-02,True
82,"Respected Municipal Commissioner, Ambulance parking blocked by unauthorized vendors near clinic in Ward 1. Citizens are suffering greatly.",Ward 1,Health,Health,2026-02-03,True
83,"Sir, bringing to your immediate notice: Anti-larval fogging not carried out in Ward 2 despite multiple reported dengue cases. Citizens are suffering greatly.",Ward 2,Health,Health,2026-02-04,True
84,Urgent complaint: Sanitation workers have not swept the residential colony in Ward 12 for over two weeks. Repeated complaints to ward councillor have gone unheard.,Ward 12,Sanitation,Sanitation,2026-02-01,True
85,"Sir, bringing to your immediate notice: Boundary wall of municipal school collapsed in Ward 7, stray cattle entering premises. Please take prompt action.",Ward 7,Education,Education,2026-02-04,True
86,"Respected Municipal Commissioner, Waterlogging on road after brief rain in Ward 7 due to lack of storm water gradient. Immediate inspection requested.",Ward 7,Roads,Roads,2026-02-04,True
87,Urgent complaint: Street light near primary school has been broken for 2 months in Ward 7. Children walk in darkness during winter mornings. Citizens are suffering greatly.,Ward 7,Streetlights,Streetlights,2026-02-03,True
88,"Sir, bringing to your immediate notice: Tar road completely eroded exposing sharp gravel stones in Ward 7. Citizens are suffering greatly.",Ward 7,Roads,Roads,2026-02-05,True
89,"Sir, bringing to your immediate notice: Property tax assessment receipt not generated despite online payment deduction in Ward 8. Repeated complaints to ward councillor have gone unheard.",Ward 8,Revenue,Revenue,2026-02-02,True
90,"Sir, bringing to your immediate notice: Hanging live electric wire dangerously low across the school lane in Ward 11. Immediate inspection requested.",Ward 11,Electrical,Electrical,2026-01-30,True
91,Urgent complaint: Government primary school in Ward 2 lacks clean drinking water facility for students. Please take prompt action.,Ward 2,Education,Education,2026-02-05,True
92,"Respected Municipal Commissioner, Deep potholes on main bus route in Ward 3 causing frequent two-wheeler accidents. Repeated complaints to ward councillor have gone unheard.",Ward 3,Roads,Roads,2026-01-30,True
93,"Respected Municipal Commissioner, Sanitation workers have not swept the residential colony in Ward 8 for over two weeks. Repeated complaints to ward councillor have gone unheard.",Ward 8,Sanitation,Sanitation,2026-02-02,True
94,Property tax assessment receipt not generated despite online payment deduction in Ward 7.,Ward 7,Revenue,Revenue,2026-01-31,True
95,"Sir, bringing to your immediate notice: Ambulance parking blocked by unauthorized vendors near clinic in Ward 4. Repeated complaints to ward councillor have gone unheard.",Ward 4,Health,Health,2026-01-31,True
96,Kindly note that No water supply in Ward 9 since last 3 days. The overhead tank is overflowing but no water reaching houses in lane 3. Please take prompt action.,Ward 9,Water Supply,Water Supply,2026-01-31,True
97,Kindly note that Delay in issuing trade license renewal certificate from zonal revenue office for Ward 11. Immediate inspection requested.,Ward 11,Revenue,Revenue,2026-02-03,True
98,"Respected Municipal Commissioner, Dry eucalyptus tree leaning towards residential roof in Ward 7, requires emergency pruning. Repeated complaints to ward councillor have gone unheard.",Ward 7,Forest,Forest,2026-02-05,True
99,Urgent complaint: Property tax assessment receipt not generated despite online payment deduction in Ward 5. Immediate inspection requested.,Ward 5,Revenue,Revenue,2026-02-05,True
100,Kindly note that Delay in issuing trade license renewal certificate from zonal revenue office for Ward 11.,Ward 11,Revenue,Revenue,2026-01-31,True
101,Urgent complaint: Dark stretch of 500 meters along canal road in Ward 4 due to non-functional sodium lamps. Immediate inspection requested.,Ward 4,Streetlights,Streetlights,2026-02-01,True
102,Kindly note that Open sewage drain overflowing across the walking street in Ward 3. Mosquito breeding hazard. Please take prompt action.,Ward 3,Sanitation,Sanitation,2026-01-31,True
103,Urgent complaint: Waterlogging on road after brief rain in Ward 2 due to lack of storm water gradient. Immediate inspection requested.,Ward 2,Roads,Roads,2026-02-02,True
104,Kindly note that Property tax assessment receipt not generated despite online payment deduction in Ward 7. Repeated complaints to ward councillor have gone unheard.,Ward 7,Revenue,Revenue,2026-01-30,True
105,Extremely low water pressure in Ward 10. Even motors cannot lift water to storage tanks on first floor. Citizens are suffering greatly.,Ward 10,Water Supply,Water Supply,2026-02-02,True
106,"Sir, bringing to your immediate notice: New LED street lights flickering continuously causing glare and headache in Ward 7. Immediate inspection requested.",Ward 7,Streetlights,Streetlights,2026-02-05,True
107,Kindly note that Speed breaker missing near school crossing in Ward 8 where vehicles overspeed dangerously. Repeated complaints to ward councillor have gone unheard.,Ward 8,Roads,Roads,2026-01-31,True
108,"Respected Municipal Commissioner, Extremely low water pressure in Ward 7. Even motors cannot lift water to storage tanks on first floor. Repeated complaints to ward councillor have gone unheard.",Ward 7,Water Supply,Water Supply,2026-02-01,True
109,Kindly note that Frequent power tripping and voltage fluctuation in Ward 10 damaging household refrigerators and fans. Immediate inspection requested.,Ward 10,Electrical,Electrical,2026-02-03,True
110,"Respected Municipal Commissioner, Extremely low water pressure in Ward 2. Even motors cannot lift water to storage tanks on first floor. Repeated complaints to ward councillor have gone unheard.",Ward 2,Water Supply,Water Supply,2026-02-04,True
111,Urgent complaint: Power outage lasting more than 8 hours without prior notice in Ward 1. Please take prompt action.,Ward 1,Electrical,Electrical,2026-02-01,True
112,Urgent complaint: Delay in issuing trade license renewal certificate from zonal revenue office for Ward 6. Repeated complaints to ward councillor have gone unheard.,Ward 6,Revenue,Revenue,2026-02-01,True
113,"Sir, bringing to your immediate notice: Street light near primary school has been broken for 2 months in Ward 2. Children walk in darkness during winter mornings.",Ward 2,Streetlights,Streetlights,2026-02-02,True
114,Government primary school in Ward 4 lacks clean drinking water facility for students.,Ward 4,Education,Education,2026-02-04,True
115,"Sir, bringing to your immediate notice: Deep potholes on main bus route in Ward 4 causing frequent two-wheeler accidents. Please take prompt action.",Ward 4,Roads,Roads,2026-02-05,True
116,"Sir, bringing to your immediate notice: Deep potholes on main bus route in Ward 3 causing frequent two-wheeler accidents. Please take prompt action.",Ward 3,Roads,Roads,2026-02-02,True
117,"Respected Municipal Commissioner, Delay in issuing trade license renewal certificate from zonal revenue office for Ward 12. Immediate inspection requested.",Ward 12,Revenue,Revenue,2026-02-01,True
118,"Sir, bringing to your immediate notice: Garbage not collected for 1 week in Ward 3. Smell is unbearable and stray animals are scattering waste everywhere.",Ward 3,Sanitation,Sanitation,2026-02-01,True
119,Kindly note that New LED street lights flickering continuously causing glare and headache in Ward 10. Please take prompt action.,Ward 10,Streetlights,Streetlights,2026-02-04,True
120,Open sewage drain overflowing across the walking street in Ward 10. Mosquito breeding hazard. Citizens are suffering greatly.,Ward 10,Sanitation,Sanitation,2026-02-04,True
121,Urgent complaint: Garbage not collected for 1 week in Ward 10. Smell is unbearable and stray animals are scattering waste everywhere. Immediate inspection requested.,Ward 10,Sanitation,Sanitation,2026-02-05,True
122,"Sir, bringing to your immediate notice: Primary health center in Ward 11 has severe shortage of essential fever medicines and ORS packets. Citizens are suffering greatly.",Ward 11,Health,Health,2026-02-01,True
123,Extremely low water pressure in Ward 7. Even motors cannot lift water to storage tanks on first floor. Repeated complaints to ward councillor have gone unheard.,Ward 7,Water Supply,Water Supply,2026-02-05,True
124,"Respected Municipal Commissioner, Boundary wall of municipal school collapsed in Ward 11, stray cattle entering premises. Repeated complaints to ward councillor have gone unheard.",Ward 11,Education,Education,2026-02-05,True
125,"Sir, bringing to your immediate notice: Hanging live electric wire dangerously low across the school lane in Ward 12. Immediate inspection requested.",Ward 12,Electrical,Electrical,2026-02-03,True
126,Urgent complaint: Delay in issuing trade license renewal certificate from zonal revenue office for Ward 8. Please take prompt action.,Ward 8,Revenue,Revenue,2026-02-09,True
127,Kindly note that Open sewage drain overflowing across the walking street in Ward 5. Mosquito breeding hazard. Immediate inspection requested.,Ward 5,Sanitation,Sanitation,2026-02-09,True
128,Urgent complaint: Anti-larval fogging not carried out in Ward 6 despite multiple reported dengue cases. Please take prompt action.,Ward 6,Health,Health,2026-02-06,True
129,Urgent complaint: Delay in issuing trade license renewal certificate from zonal revenue office for Ward 4. Citizens are suffering greatly.,Ward 4,Revenue,Revenue,2026-02-08,True
130,"Respected Municipal Commissioner, Underground cable fault knocked out entire street lighting grid in Ward 9.",Ward 9,Streetlights,Streetlights,2026-02-06,True
131,"Sir, bringing to your immediate notice: Waterlogging on road after brief rain in Ward 12 due to lack of storm water gradient. Please take prompt action.",Ward 12,Roads,Roads,2026-02-09,True
132,Kindly note that Delay in issuing trade license renewal certificate from zonal revenue office for Ward 11.,Ward 11,Revenue,Revenue,2026-02-11,True
133,"Respected Municipal Commissioner, Dead animal lying on roadside in Ward 5 causing severe foul smell and health hazard. Citizens are suffering greatly.",Ward 5,Sanitation,Sanitation,2026-02-07,True
134,Urgent complaint: No ceiling fans working in class 5 classroom during summer heat in Ward 8. Repeated complaints to ward councillor have gone unheard.,Ward 8,Education,Education,2026-02-10,True
135,"Urgent complaint: Dry eucalyptus tree leaning towards residential roof in Ward 6, requires emergency pruning. Citizens are suffering greatly.",Ward 6,Forest,Forest,2026-02-08,True
136,Urgent complaint: All streetlights on lane 4 in Ward 4 stay on during daytime and switch off at night.,Ward 4,Streetlights,Streetlights,2026-02-06,True
137,"Respected Municipal Commissioner, Overgrown tree branches touching high-tension power lines near house number 45 in Ward 12. Repeated complaints to ward councillor have gone unheard.",Ward 12,Forest,Forest,2026-02-07,True
138,"Sir, bringing to your immediate notice: Underground cable fault knocked out entire street lighting grid in Ward 12. Citizens are suffering greatly.",Ward 12,Streetlights,Streetlights,2026-02-10,True
139,Urgent complaint: Open sewage drain overflowing across the walking street in Ward 4. Mosquito breeding hazard. Please take prompt action.,Ward 4,Sanitation,Sanitation,2026-02-08,True
140,"Respected Municipal Commissioner, Underground cable fault knocked out entire street lighting grid in Ward 1. Citizens are suffering greatly.",Ward 1,Streetlights,Streetlights,2026-02-11,True
141,"Respected Municipal Commissioner, Underground pipeline burst near main junction in Ward 1. Potable water is flooding the street for 24 hours. Repeated complaints to ward councillor have gone unheard.",Ward 1,Water Supply,Water Supply,2026-02-10,True
142,Kindly note that Public dustbins overflowing and damaged near market area in Ward 1. Need immediate clearing. Repeated complaints to ward councillor have gone unheard.,Ward 1,Sanitation,Sanitation,2026-02-10,True
143,Urgent complaint: Property tax assessment receipt not generated despite online payment deduction in Ward 6. Repeated complaints to ward councillor have gone unheard.,Ward 6,Revenue,Revenue,2026-02-07,True
144,Dead animal lying on roadside in Ward 2 causing severe foul smell and health hazard. Immediate inspection requested.,Ward 2,Sanitation,Sanitation,2026-02-09,True
145,"Urgent complaint: Public water tap broken near community center in Ward 3, wasting hundreds of liters daily.",Ward 3,Water Supply,Water Supply,2026-02-07,True
146,"Sir, bringing to your immediate notice: Waterlogging on road after brief rain in Ward 2 due to lack of storm water gradient. Immediate inspection requested.",Ward 2,Roads,Roads,2026-02-10,True
147,Kindly note that Waterlogging on road after brief rain in Ward 9 due to lack of storm water gradient. Citizens are suffering greatly.,Ward 9,Roads,Roads,2026-02-09,True
148,Ambulance parking blocked by unauthorized vendors near clinic in Ward 5. Immediate inspection requested.,Ward 5,Health,Health,2026-02-10,True
149,Urgent complaint: Open sewage drain overflowing across the walking street in Ward 4. Mosquito breeding hazard.,Ward 4,Sanitation,Sanitation,2026-02-11,True
150,"Electric pole tilted dangerously after storm in Ward 4, risk of collapse. Please take prompt action.",Ward 4,Electrical,Electrical,2026-02-07,True
151,"Kindly note that Public water tap broken near community center in Ward 7, wasting hundreds of liters daily. Citizens are suffering greatly.",Ward 7,Water Supply,Water Supply,2026-02-09,True
152,Kindly note that Underground pipeline burst near main junction in Ward 4. Potable water is flooding the street for 24 hours.,Ward 4,Water Supply,Water Supply,2026-02-08,True
153,"Respected Municipal Commissioner, Tar road completely eroded exposing sharp gravel stones in Ward 5. Repeated complaints to ward councillor have gone unheard.",Ward 5,Roads,Roads,2026-02-12,True
154,Urgent complaint: Open sewage drain overflowing across the walking street in Ward 9. Mosquito breeding hazard. Please take prompt action.,Ward 9,Sanitation,Sanitation,2026-02-07,True
155,"Sir, bringing to your immediate notice: Public dustbins overflowing and damaged near market area in Ward 1. Need immediate clearing. Immediate inspection requested.",Ward 1,Sanitation,Sanitation,2026-02-07,True
156,Urgent complaint: New LED street lights flickering continuously causing glare and headache in Ward 8. Repeated complaints to ward councillor have gone unheard.,Ward 8,Streetlights,Streetlights,2026-02-06,True
157,Kindly note that New LED street lights flickering continuously causing glare and headache in Ward 9.,Ward 9,Streetlights,Streetlights,2026-02-10,True
158,"Sir, bringing to your immediate notice: Underground pipeline burst near main junction in Ward 7. Potable water is flooding the street for 24 hours. Citizens are suffering greatly.",Ward 7,Water Supply,Water Supply,2026-02-11,True
159,"Sir, bringing to your immediate notice: Public water tap broken near community center in Ward 2, wasting hundreds of liters daily.",Ward 2,Water Supply,Water Supply,2026-02-07,True
160,Kindly note that All streetlights on lane 4 in Ward 10 stay on during daytime and switch off at night. Immediate inspection requested.,Ward 10,Streetlights,Streetlights,2026-02-06,True
161,Kindly note that Delay in issuing trade license renewal certificate from zonal revenue office for Ward 5.,Ward 5,Revenue,Revenue,2026-02-07,True
162,Urgent complaint: Delay in issuing trade license renewal certificate from zonal revenue office for Ward 6.,Ward 6,Revenue,Revenue,2026-02-09,True
163,Urgent complaint: Power outage lasting more than 8 hours without prior notice in Ward 6. Repeated complaints to ward councillor have gone unheard.,Ward 6,Electrical,Electrical,2026-02-09,True
164,Urgent complaint: Overgrown tree branches touching high-tension power lines near house number 45 in Ward 1. Citizens are suffering greatly.,Ward 1,Forest,Forest,2026-02-09,True
165,"Sir, bringing to your immediate notice: Boundary wall of municipal school collapsed in Ward 2, stray cattle entering premises.",Ward 2,Education,Education,2026-02-12,True
166,"Respected Municipal Commissioner, Overgrown tree branches touching high-tension power lines near house number 45 in Ward 8. Immediate inspection requested.",Ward 8,Forest,Forest,2026-02-09,True
167,"Kindly note that Boundary wall of municipal school collapsed in Ward 10, stray cattle entering premises.",Ward 10,Education,Education,2026-02-12,True
168,Urgent complaint: Road dug up for pipeline work in Ward 5 left unpaved and open for over a month. Repeated complaints to ward councillor have gone unheard.,Ward 5,Roads,Roads,2026-02-10,True
169,"Respected Municipal Commissioner, Property tax assessment receipt not generated despite online payment deduction in Ward 2. Citizens are suffering greatly.",Ward 2,Revenue,Revenue,2026-02-06,True
170,"Dry eucalyptus tree leaning towards residential roof in Ward 1, requires emergency pruning. Please take prompt action.",Ward 1,Forest,Forest,2026-02-10,True
171,Kindly note that Open sewage drain overflowing across the walking street in Ward 8. Mosquito breeding hazard. Citizens are suffering greatly.,Ward 8,Sanitation,Sanitation,2026-02-06,True
172,"Kindly note that Dry eucalyptus tree leaning towards residential roof in Ward 12, requires emergency pruning. Repeated complaints to ward councillor have gone unheard.",Ward 12,Forest,Forest,2026-02-08,True
173,Kindly note that Road dug up for pipeline work in Ward 8 left unpaved and open for over a month. Please take prompt action.,Ward 8,Roads,Roads,2026-02-10,True
174,Urgent complaint: Overgrown tree branches touching high-tension power lines near house number 45 in Ward 12. Repeated complaints to ward councillor have gone unheard.,Ward 12,Forest,Forest,2026-02-07,True
175,Urgent complaint: Government primary school in Ward 9 lacks clean drinking water facility for students. Citizens are suffering greatly.,Ward 9,Education,Education,2026-02-08,True
176,Urgent complaint: Delay in issuing trade license renewal certificate from zonal revenue office for Ward 3. Citizens are suffering greatly.,Ward 3,Revenue,Revenue,2026-02-09,True
177,"Urgent complaint: Dry eucalyptus tree leaning towards residential roof in Ward 9, requires emergency pruning. Please take prompt action.",Ward 9,Forest,Forest,2026-02-09,True
178,Kindly note that Road dug up for pipeline work in Ward 10 left unpaved and open for over a month.,Ward 10,Roads,Roads,2026-02-09,True
179,Kindly note that No ceiling fans working in class 5 classroom during summer heat in Ward 12. Repeated complaints to ward councillor have gone unheard.,Ward 12,Education,Education,2026-02-09,True
180,"Sir, bringing to your immediate notice: Transformer sparking intermittently during evening peak hours in Ward 8. Sparks falling near shops. Immediate inspection requested.",Ward 8,Electrical,Electrical,2026-02-06,True
181,"Boundary wall of municipal school collapsed in Ward 2, stray cattle entering premises. Immediate inspection requested.",Ward 2,Education,Education,2026-02-12,True
182,Kindly note that Property tax assessment receipt not generated despite online payment deduction in Ward 1. Please take prompt action.,Ward 1,Revenue,Revenue,2026-02-11,True
183,Urgent complaint: Public dustbins overflowing and damaged near market area in Ward 8. Need immediate clearing. Immediate inspection requested.,Ward 8,Sanitation,Sanitation,2026-02-12,True
184,"Sir, bringing to your immediate notice: Anti-larval fogging not carried out in Ward 11 despite multiple reported dengue cases. Repeated complaints to ward councillor have gone unheard.",Ward 11,Health,Health,2026-02-06,True
185,"Sir, bringing to your immediate notice: Boundary wall of municipal school collapsed in Ward 11, stray cattle entering premises.",Ward 11,Education,Education,2026-02-11,True
186,"Respected Municipal Commissioner, Public dustbins overflowing and damaged near market area in Ward 4. Need immediate clearing.",Ward 4,Sanitation,Sanitation,2026-02-11,True
187,Ambulance parking blocked by unauthorized vendors near clinic in Ward 2. Repeated complaints to ward councillor have gone unheard.,Ward 2,Health,Health,2026-02-12,True
188,Frequent power tripping and voltage fluctuation in Ward 12 damaging household refrigerators and fans. Citizens are suffering greatly.,Ward 12,Electrical,Electrical,2026-02-08,True
189,Kindly note that Underground pipeline burst near main junction in Ward 5. Potable water is flooding the street for 24 hours. Please take prompt action.,Ward 5,Water Supply,Water Supply,2026-02-08,True
190,"Respected Municipal Commissioner, Tar road completely eroded exposing sharp gravel stones in Ward 9. Please take prompt action.",Ward 9,Roads,Roads,2026-02-09,True
191,"Sir, bringing to your immediate notice: Power outage lasting more than 8 hours without prior notice in Ward 2. Please take prompt action.",Ward 2,Electrical,Electrical,2026-02-10,True
192,Kindly note that Property tax assessment receipt not generated despite online payment deduction in Ward 10. Citizens are suffering greatly.,Ward 10,Revenue,Revenue,2026-02-07,True
193,Kindly note that Property tax assessment receipt not generated despite online payment deduction in Ward 5. Citizens are suffering greatly.,Ward 5,Revenue,Revenue,2026-02-11,True
194,"Urgent complaint: Dry eucalyptus tree leaning towards residential roof in Ward 3, requires emergency pruning. Immediate inspection requested.",Ward 3,Forest,Forest,2026-02-06,True
195,Kindly note that Dark stretch of 500 meters along canal road in Ward 11 due to non-functional sodium lamps. Citizens are suffering greatly.,Ward 11,Streetlights,Streetlights,2026-02-09,True
196,Waterlogging on road after brief rain in Ward 7 due to lack of storm water gradient. Please take prompt action.,Ward 7,Roads,Roads,2026-02-12,True
197,Urgent complaint: Ambulance parking blocked by unauthorized vendors near clinic in Ward 10. Citizens are suffering greatly.,Ward 10,Health,Health,2026-02-08,True
198,Underground pipeline burst near main junction in Ward 11. Potable water is flooding the street for 24 hours. Immediate inspection requested.,Ward 11,Water Supply,Water Supply,2026-02-09,True
199,Urgent complaint: Extremely low water pressure in Ward 10. Even motors cannot lift water to storage tanks on first floor. Please take prompt action.,Ward 10,Water Supply,Water Supply,2026-02-11,True
200,"Sir, bringing to your immediate notice: Government primary school in Ward 4 lacks clean drinking water facility for students. Citizens are suffering greatly.",Ward 4,Education,Education,2026-02-11,True
201,Urgent complaint: Frequent power tripping and voltage fluctuation in Ward 11 damaging household refrigerators and fans. Repeated complaints to ward councillor have gone unheard.,Ward 11,Electrical,Electrical,2026-02-06,True
202,Contaminated drinking water being pumped into our residential area in Ward 10. It has bad odor and muddy color. Citizens are suffering greatly.,Ward 10,Water Supply,Water Supply,2026-02-08,True
203,"Respected Municipal Commissioner, Government primary school in Ward 12 lacks clean drinking water facility for students. Please take prompt action.",Ward 12,Education,Education,2026-02-09,True
204,"Respected Municipal Commissioner, Dry eucalyptus tree leaning towards residential roof in Ward 6, requires emergency pruning. Citizens are suffering greatly.",Ward 6,Forest,Forest,2026-02-10,True
205,Delay in issuing trade license renewal certificate from zonal revenue office for Ward 5. Repeated complaints to ward councillor have gone unheard.,Ward 5,Revenue,Revenue,2026-02-11,True
206,Kindly note that Open sewage drain overflowing across the walking street in Ward 3. Mosquito breeding hazard. Immediate inspection requested.,Ward 3,Sanitation,Sanitation,2026-02-12,True
207,"Boundary wall of municipal school collapsed in Ward 2, stray cattle entering premises. Citizens are suffering greatly.",Ward 2,Education,Education,2026-02-12,True
208,"Urgent complaint: Dry eucalyptus tree leaning towards residential roof in Ward 2, requires emergency pruning. Immediate inspection requested.",Ward 2,Forest,Forest,2026-02-09,True
209,"Respected Municipal Commissioner, Primary health center in Ward 11 has severe shortage of essential fever medicines and ORS packets. Repeated complaints to ward councillor have gone unheard.",Ward 11,Health,Health,2026-02-08,True
210,"Sir, bringing to your immediate notice: Underground pipeline burst near main junction in Ward 10. Potable water is flooding the street for 24 hours. Please take prompt action.",Ward 10,Water Supply,Water Supply,2026-02-10,True
211,Urgent complaint: Dead animal lying on roadside in Ward 11 causing severe foul smell and health hazard. Repeated complaints to ward councillor have gone unheard.,Ward 11,Sanitation,Sanitation,2026-02-12,True
212,Urgent complaint: Garbage not collected for 1 week in Ward 3. Smell is unbearable and stray animals are scattering waste everywhere. Repeated complaints to ward councillor have gone unheard.,Ward 3,Sanitation,Sanitation,2026-02-06,True
213,"Respected Municipal Commissioner, Sanitation workers have not swept the residential colony in Ward 2 for over two weeks. Repeated complaints to ward councillor have gone unheard.",Ward 2,Sanitation,Sanitation,2026-02-07,True
214,"Sir, bringing to your immediate notice: Delay in issuing trade license renewal certificate from zonal revenue office for Ward 6. Please take prompt action.",Ward 6,Revenue,Revenue,2026-02-11,True
215,"Sir, bringing to your immediate notice: Anti-larval fogging not carried out in Ward 11 despite multiple reported dengue cases. Repeated complaints to ward councillor have gone unheard.",Ward 11,Health,Health,2026-02-06,True
216,"Respected Municipal Commissioner, Dark stretch of 500 meters along canal road in Ward 1 due to non-functional sodium lamps. Repeated complaints to ward councillor have gone unheard.",Ward 1,Streetlights,Streetlights,2026-02-11,True
217,Delay in issuing trade license renewal certificate from zonal revenue office for Ward 4. Citizens are suffering greatly.,Ward 4,Revenue,Revenue,2026-02-12,True
218,Kindly note that Overgrown tree branches touching high-tension power lines near house number 45 in Ward 11. Citizens are suffering greatly.,Ward 11,Forest,Forest,2026-02-08,True
219,Waterlogging on road after brief rain in Ward 2 due to lack of storm water gradient. Please take prompt action.,Ward 2,Roads,Roads,2026-02-12,True
220,"Respected Municipal Commissioner, Underground pipeline burst near main junction in Ward 1. Potable water is flooding the street for 24 hours. Please take prompt action.",Ward 1,Water Supply,Water Supply,2026-02-12,True
221,"Respected Municipal Commissioner, Tar road completely eroded exposing sharp gravel stones in Ward 2. Immediate inspection requested.",Ward 2,Roads,Roads,2026-02-12,True
222,"Sir, bringing to your immediate notice: Road dug up for pipeline work in Ward 4 left unpaved and open for over a month.",Ward 4,Roads,Roads,2026-02-08,True
223,Urgent complaint: Underground cable fault knocked out entire street lighting grid in Ward 3. Please take prompt action.,Ward 3,Streetlights,Streetlights,2026-02-07,True
224,"Respected Municipal Commissioner, Garbage not collected for 1 week in Ward 11. Smell is unbearable and stray animals are scattering waste everywhere.",Ward 11,Sanitation,Sanitation,2026-02-12,True
225,"Boundary wall of municipal school collapsed in Ward 4, stray cattle entering premises. Please take prompt action.",Ward 4,Education,Education,2026-02-10,True
226,"Sir, bringing to your immediate notice: New LED street lights flickering continuously causing glare and headache in Ward 1.",Ward 1,Streetlights,Streetlights,2026-02-07,True
227,"Sir, bringing to your immediate notice: Public dustbins overflowing and damaged near market area in Ward 8. Need immediate clearing. Immediate inspection requested.",Ward 8,Sanitation,Sanitation,2026-02-09,True
228,"Sir, bringing to your immediate notice: Open sewage drain overflowing across the walking street in Ward 8. Mosquito breeding hazard.",Ward 8,Sanitation,Sanitation,2026-02-10,True
229,Overgrown tree branches touching high-tension power lines near house number 45 in Ward 5. Repeated complaints to ward councillor have gone unheard.,Ward 5,Forest,Forest,2026-02-09,True
230,Kindly note that Primary health center in Ward 7 has severe shortage of essential fever medicines and ORS packets. Repeated complaints to ward councillor have gone unheard.,Ward 7,Health,Health,2026-02-11,True
231,"Respected Municipal Commissioner, Sanitation workers have not swept the residential colony in Ward 2 for over two weeks.",Ward 2,Sanitation,Sanitation,2026-02-08,True
232,"Sir, bringing to your immediate notice: Electric pole tilted dangerously after storm in Ward 5, risk of collapse. Citizens are suffering greatly.",Ward 5,Electrical,Electrical,2026-02-10,True
233,Kindly note that Anti-larval fogging not carried out in Ward 10 despite multiple reported dengue cases. Immediate inspection requested.,Ward 10,Health,Health,2026-02-10,True
234,Ambulance parking blocked by unauthorized vendors near clinic in Ward 2. Immediate inspection requested.,Ward 2,Health,Health,2026-02-12,True
235,Kindly note that Road dug up for pipeline work in Ward 7 left unpaved and open for over a month. Citizens are suffering greatly.,Ward 7,Roads,Roads,2026-02-09,True
236,Urgent complaint: Property tax assessment receipt not generated despite online payment deduction in Ward 7. Repeated complaints to ward councillor have gone unheard.,Ward 7,Revenue,Revenue,2026-02-09,True
237,"Respected Municipal Commissioner, Boundary wall of municipal school collapsed in Ward 11, stray cattle entering premises. Repeated complaints to ward councillor have gone unheard.",Ward 11,Education,Education,2026-02-08,True
238,Garbage not collected for 1 week in Ward 2. Smell is unbearable and stray animals are scattering waste everywhere. Repeated complaints to ward councillor have gone unheard.,Ward 2,Sanitation,Sanitation,2026-02-12,True
239,"Respected Municipal Commissioner, Public dustbins overflowing and damaged near market area in Ward 12. Need immediate clearing. Immediate inspection requested.",Ward 12,Sanitation,Sanitation,2026-02-11,True
240,"Urgent complaint: Public water tap broken near community center in Ward 10, wasting hundreds of liters daily.",Ward 10,Water Supply,Water Supply,2026-02-10,True
241,Kindly note that Ambulance parking blocked by unauthorized vendors near clinic in Ward 6.,Ward 6,Health,Health,2026-02-12,True
242,Dark stretch of 500 meters along canal road in Ward 10 due to non-functional sodium lamps. Immediate inspection requested.,Ward 10,Streetlights,Streetlights,2026-02-08,True
243,"Respected Municipal Commissioner, Dry eucalyptus tree leaning towards residential roof in Ward 4, requires emergency pruning.",Ward 4,Forest,Forest,2026-02-07,True
244,Urgent complaint: Government primary school in Ward 9 lacks clean drinking water facility for students. Immediate inspection requested.,Ward 9,Education,Education,2026-02-08,True
245,"Sir, bringing to your immediate notice: Tar road completely eroded exposing sharp gravel stones in Ward 7. Immediate inspection requested.",Ward 7,Roads,Roads,2026-02-12,True
246,"Dry eucalyptus tree leaning towards residential roof in Ward 1, requires emergency pruning. Please take prompt action.",Ward 1,Forest,Forest,2026-02-10,True
247,Urgent complaint: Dark stretch of 500 meters along canal road in Ward 12 due to non-functional sodium lamps. Citizens are suffering greatly.,Ward 12,Streetlights,Streetlights,2026-02-12,True
248,"Sir, bringing to your immediate notice: Contaminated drinking water being pumped into our residential area in Ward 3. It has bad odor and muddy color. Repeated complaints to ward councillor have gone unheard.",Ward 3,Water Supply,Water Supply,2026-02-12,True
249,Garbage not collected for 1 week in Ward 3. Smell is unbearable and stray animals are scattering waste everywhere. Immediate inspection requested.,Ward 3,Sanitation,Sanitation,2026-02-11,True
250,Urgent complaint: Waterlogging on road after brief rain in Ward 7 due to lack of storm water gradient. Please take prompt action.,Ward 7,Roads,Roads,2026-02-09,True
251,"Sir, bringing to your immediate notice: Boundary wall of municipal school collapsed in Ward 5, stray cattle entering premises. Immediate inspection requested.",Ward 5,Education,Education,2026-02-18,True
252,"Sir, bringing to your immediate notice: Open sewage drain overflowing across the walking street in Ward 1. Mosquito breeding hazard.",Ward 1,Sanitation,Sanitation,2026-02-14,True
253,Kindly note that Dead animal lying on roadside in Ward 5 causing severe foul smell and health hazard. Immediate inspection requested.,Ward 5,Sanitation,Sanitation,2026-02-16,True
254,"Sir, bringing to your immediate notice: Property tax assessment receipt not generated despite online payment deduction in Ward 7.",Ward 7,Revenue,Revenue,2026-02-15,True
255,"Sir, bringing to your immediate notice: Boundary wall of municipal school collapsed in Ward 7, stray cattle entering premises. Repeated complaints to ward councillor have gone unheard.",Ward 7,Education,Education,2026-02-13,True
256,"Respected Municipal Commissioner, Overgrown tree branches touching high-tension power lines near house number 45 in Ward 11. Repeated complaints to ward councillor have gone unheard.",Ward 11,Forest,Forest,2026-02-15,True
257,"Respected Municipal Commissioner, Underground pipeline burst near main junction in Ward 1. Potable water is flooding the street for 24 hours. Please take prompt action.",Ward 1,Water Supply,Water Supply,2026-02-14,True
258,Street light near primary school has been broken for 2 months in Ward 5. Children walk in darkness during winter mornings. Repeated complaints to ward councillor have gone unheard.,Ward 5,Streetlights,Streetlights,2026-02-15,True
259,"Sir, bringing to your immediate notice: Anti-larval fogging not carried out in Ward 3 despite multiple reported dengue cases. Please take prompt action.",Ward 3,Health,Health,2026-02-14,True
260,"Dry eucalyptus tree leaning towards residential roof in Ward 9, requires emergency pruning. Repeated complaints to ward councillor have gone unheard.",Ward 9,Forest,Forest,2026-02-19,True
261,Extremely low water pressure in Ward 7. Even motors cannot lift water to storage tanks on first floor. Citizens are suffering greatly.,Ward 7,Water Supply,Water Supply,2026-02-13,True
262,Kindly note that Ambulance parking blocked by unauthorized vendors near clinic in Ward 10. Citizens are suffering greatly.,Ward 10,Health,Health,2026-02-16,True
263,"Respected Municipal Commissioner, Public dustbins overflowing and damaged near market area in Ward 7. Need immediate clearing. Immediate inspection requested.",Ward 7,Sanitation,Sanitation,2026-02-13,True
264,Kindly note that Property tax assessment receipt not generated despite online payment deduction in Ward 12.,Ward 12,Revenue,Revenue,2026-02-15,True
265,"Sir, bringing to your immediate notice: Waterlogging on road after brief rain in Ward 7 due to lack of storm water gradient.",Ward 7,Roads,Roads,2026-02-17,True
266,"Respected Municipal Commissioner, Anti-larval fogging not carried out in Ward 5 despite multiple reported dengue cases. Citizens are suffering greatly.",Ward 5,Health,Health,2026-02-18,True
267,"Sir, bringing to your immediate notice: Frequent power tripping and voltage fluctuation in Ward 2 damaging household refrigerators and fans. Immediate inspection requested.",Ward 2,Electrical,Electrical,2026-02-17,True
268,"Respected Municipal Commissioner, Road dug up for pipeline work in Ward 6 left unpaved and open for over a month.",Ward 6,Roads,Roads,2026-02-15,True
269,"Sir, bringing to your immediate notice: Transformer sparking intermittently during evening peak hours in Ward 5. Sparks falling near shops. Please take prompt action.",Ward 5,Electrical,Electrical,2026-02-14,True
270,Kindly note that Dead animal lying on roadside in Ward 3 causing severe foul smell and health hazard. Immediate inspection requested.,Ward 3,Sanitation,Sanitation,2026-02-19,True
271,Urgent complaint: Delay in issuing trade license renewal certificate from zonal revenue office for Ward 11. Please take prompt action.,Ward 11,Revenue,Revenue,2026-02-17,True
272,Urgent complaint: Delay in issuing trade license renewal certificate from zonal revenue office for Ward 2. Citizens are suffering greatly.,Ward 2,Revenue,Revenue,2026-02-16,True
273,Urgent complaint: No water supply in Ward 6 since last 3 days. The overhead tank is overflowing but no water reaching houses in lane 3. Repeated complaints to ward councillor have gone unheard.,Ward 6,Water Supply,Water Supply,2026-02-17,True
274,Urgent complaint: Delay in issuing trade license renewal certificate from zonal revenue office for Ward 1.,Ward 1,Revenue,Revenue,2026-02-13,True
275,Kindly note that Sanitation workers have not swept the residential colony in Ward 10 for over two weeks. Repeated complaints to ward councillor have gone unheard.,Ward 10,Sanitation,Sanitation,2026-02-17,True
276,"Sir, bringing to your immediate notice: Dry eucalyptus tree leaning towards residential roof in Ward 12, requires emergency pruning. Please take prompt action.",Ward 12,Forest,Forest,2026-02-13,True
277,"Respected Municipal Commissioner, No ceiling fans working in class 5 classroom during summer heat in Ward 10.",Ward 10,Education,Education,2026-02-16,True
278,Delay in issuing trade license renewal certificate from zonal revenue office for Ward 2. Immediate inspection requested.,Ward 2,Revenue,Revenue,2026-02-19,True
279,Kindly note that Power outage lasting more than 8 hours without prior notice in Ward 1. Immediate inspection requested.,Ward 1,Electrical,Electrical,2026-02-14,True
280,"Urgent complaint: Dry eucalyptus tree leaning towards residential roof in Ward 10, requires emergency pruning. Citizens are suffering greatly.",Ward 10,Forest,Forest,2026-02-14,True
281,"Sir, bringing to your immediate notice: Anti-larval fogging not carried out in Ward 7 despite multiple reported dengue cases.",Ward 7,Health,Health,2026-02-19,True
282,"Sir, bringing to your immediate notice: Government primary school in Ward 2 lacks clean drinking water facility for students. Repeated complaints to ward councillor have gone unheard.",Ward 2,Education,Education,2026-02-15,True
283,"Respected Municipal Commissioner, Underground cable fault knocked out entire street lighting grid in Ward 5. Citizens are suffering greatly.",Ward 5,Streetlights,Streetlights,2026-02-18,True
284,Urgent complaint: Open sewage drain overflowing across the walking street in Ward 10. Mosquito breeding hazard. Citizens are suffering greatly.,Ward 10,Sanitation,Sanitation,2026-02-18,True
285,Ambulance parking blocked by unauthorized vendors near clinic in Ward 3. Citizens are suffering greatly.,Ward 3,Health,Health,2026-02-17,True
286,"Respected Municipal Commissioner, Dry eucalyptus tree leaning towards residential roof in Ward 7, requires emergency pruning. Immediate inspection requested.",Ward 7,Forest,Forest,2026-02-18,True
287,"Sir, bringing to your immediate notice: Dead animal lying on roadside in Ward 11 causing severe foul smell and health hazard. Citizens are suffering greatly.",Ward 11,Sanitation,Sanitation,2026-02-18,True
288,"Respected Municipal Commissioner, Contaminated drinking water being pumped into our residential area in Ward 6. It has bad odor and muddy color. Citizens are suffering greatly.",Ward 6,Water Supply,Water Supply,2026-02-15,True
289,"Respected Municipal Commissioner, Property tax assessment receipt not generated despite online payment deduction in Ward 4.",Ward 4,Revenue,Revenue,2026-02-14,True
290,"Sir, bringing to your immediate notice: Underground cable fault knocked out entire street lighting grid in Ward 2.",Ward 2,Streetlights,Streetlights,2026-02-17,True
291,Kindly note that No ceiling fans working in class 5 classroom during summer heat in Ward 10. Please take prompt action.,Ward 10,Education,Education,2026-02-14,True
292,"Respected Municipal Commissioner, Electric pole tilted dangerously after storm in Ward 3, risk of collapse. Repeated complaints to ward councillor have gone unheard.",Ward 3,Electrical,Electrical,2026-02-19,True
293,Kindly note that Contaminated drinking water being pumped into our residential area in Ward 7. It has bad odor and muddy color. Immediate inspection requested.,Ward 7,Water Supply,Water Supply,2026-02-15,True
294,"Respected Municipal Commissioner, New LED street lights flickering continuously causing glare and headache in Ward 12. Immediate inspection requested.",Ward 12,Streetlights,Streetlights,2026-02-19,True
295,"Respected Municipal Commissioner, Waterlogging on road after brief rain in Ward 5 due to lack of storm water gradient. Citizens are suffering greatly.",Ward 5,Roads,Roads,2026-02-19,True
296,Kindly note that Delay in issuing trade license renewal certificate from zonal revenue office for Ward 8. Immediate inspection requested.,Ward 8,Revenue,Revenue,2026-02-19,True
297,"Sir, bringing to your immediate notice: Overgrown tree branches touching high-tension power lines near house number 45 in Ward 7. Please take prompt action.",Ward 7,Forest,Forest,2026-02-14,True
298,Urgent complaint: New LED street lights flickering continuously causing glare and headache in Ward 1. Immediate inspection requested.,Ward 1,Streetlights,Streetlights,2026-02-18,True
299,Sanitation workers have not swept the residential colony in Ward 12 for over two weeks. Citizens are suffering greatly.,Ward 12,Sanitation,Sanitation,2026-02-19,True
300,"Sir, bringing to your immediate notice: Dead animal lying on roadside in Ward 3 causing severe foul smell and health hazard. Please take prompt action.",Ward 3,Sanitation,Sanitation,2026-02-15,True
301,Urgent complaint: Anti-larval fogging not carried out in Ward 2 despite multiple reported dengue cases.,Ward 2,Health,Health,2026-02-14,True
302,Urgent complaint: Ambulance parking blocked by unauthorized vendors near clinic in Ward 1. Please take prompt action.,Ward 1,Health,Health,2026-02-16,True
303,Primary health center in Ward 2 has severe shortage of essential fever medicines and ORS packets. Citizens are suffering greatly.,Ward 2,Health,Health,2026-02-15,True
304,"Respected Municipal Commissioner, Public dustbins overflowing and damaged near market area in Ward 12. Need immediate clearing. Please take prompt action.",Ward 12,Sanitation,Sanitation,2026-02-18,True
305,"Respected Municipal Commissioner, Extremely low water pressure in Ward 5. Even motors cannot lift water to storage tanks on first floor. Repeated complaints to ward councillor have gone unheard.",Ward 5,Water Supply,Water Supply,2026-02-19,True
306,Property tax assessment receipt not generated despite online payment deduction in Ward 10. Citizens are suffering greatly.,Ward 10,Revenue,Revenue,2026-02-13,True
307,"Sir, bringing to your immediate notice: Tar road completely eroded exposing sharp gravel stones in Ward 3. Repeated complaints to ward councillor have gone unheard.",Ward 3,Roads,Roads,2026-02-17,True
308,Public dustbins overflowing and damaged near market area in Ward 5. Need immediate clearing.,Ward 5,Sanitation,Sanitation,2026-02-14,True
309,Kindly note that Tar road completely eroded exposing sharp gravel stones in Ward 7.,Ward 7,Roads,Roads,2026-02-18,True
310,Sanitation workers have not swept the residential colony in Ward 8 for over two weeks. Immediate inspection requested.,Ward 8,Sanitation,Sanitation,2026-02-17,True
311,Kindly note that Speed breaker missing near school crossing in Ward 12 where vehicles overspeed dangerously.,Ward 12,Roads,Roads,2026-02-14,True
312,"Respected Municipal Commissioner, Boundary wall of municipal school collapsed in Ward 4, stray cattle entering premises.",Ward 4,Education,Education,2026-02-17,True
313,Kindly note that Overgrown tree branches touching high-tension power lines near house number 45 in Ward 6. Repeated complaints to ward councillor have gone unheard.,Ward 6,Forest,Forest,2026-02-13,True
314,Urgent complaint: Underground pipeline burst near main junction in Ward 11. Potable water is flooding the street for 24 hours.,Ward 11,Water Supply,Water Supply,2026-02-16,True
315,Government primary school in Ward 2 lacks clean drinking water facility for students. Immediate inspection requested.,Ward 2,Education,Education,2026-02-15,True
316,"Sir, bringing to your immediate notice: Boundary wall of municipal school collapsed in Ward 3, stray cattle entering premises. Citizens are suffering greatly.",Ward 3,Education,Education,2026-02-13,True
317,"Respected Municipal Commissioner, Power outage lasting more than 8 hours without prior notice in Ward 11. Please take prompt action.",Ward 11,Electrical,Electrical,2026-02-16,True
318,Dead animal lying on roadside in Ward 12 causing severe foul smell and health hazard. Citizens are suffering greatly.,Ward 12,Sanitation,Sanitation,2026-02-19,True
319,Road dug up for pipeline work in Ward 1 left unpaved and open for over a month. Citizens are suffering greatly.,Ward 1,Roads,Roads,2026-02-19,True
320,Kindly note that Underground cable fault knocked out entire street lighting grid in Ward 9. Citizens are suffering greatly.,Ward 9,Streetlights,Streetlights,2026-02-16,True
321,Urgent complaint: Underground pipeline burst near main junction in Ward 11. Potable water is flooding the street for 24 hours.,Ward 11,Water Supply,Water Supply,2026-02-14,True
322,"Kindly note that Boundary wall of municipal school collapsed in Ward 5, stray cattle entering premises. Repeated complaints to ward councillor have gone unheard.",Ward 5,Education,Education,2026-02-13,True
323,Kindly note that Property tax assessment receipt not generated despite online payment deduction in Ward 7. Repeated complaints to ward councillor have gone unheard.,Ward 7,Revenue,Revenue,2026-02-15,True
324,Kindly note that Government primary school in Ward 9 lacks clean drinking water facility for students.,Ward 9,Education,Education,2026-02-15,True
325,"Sir, bringing to your immediate notice: Primary health center in Ward 10 has severe shortage of essential fever medicines and ORS packets. Citizens are suffering greatly.",Ward 10,Health,Health,2026-02-19,True
326,"Urgent complaint: Boundary wall of municipal school collapsed in Ward 2, stray cattle entering premises. Citizens are suffering greatly.",Ward 2,Education,Education,2026-02-13,True
327,"Respected Municipal Commissioner, Delay in issuing trade license renewal certificate from zonal revenue office for Ward 10. Repeated complaints to ward councillor have gone unheard.",Ward 10,Revenue,Revenue,2026-02-18,True
328,Urgent complaint: No ceiling fans working in class 5 classroom during summer heat in Ward 8. Immediate inspection requested.,Ward 8,Education,Education,2026-02-13,True
329,Primary health center in Ward 5 has severe shortage of essential fever medicines and ORS packets. Repeated complaints to ward councillor have gone unheard.,Ward 5,Health,Health,2026-02-18,True
330,"Respected Municipal Commissioner, No ceiling fans working in class 5 classroom during summer heat in Ward 9.",Ward 9,Education,Education,2026-02-19,True
331,Power outage lasting more than 8 hours without prior notice in Ward 10. Please take prompt action.,Ward 10,Electrical,Electrical,2026-02-18,True
332,Urgent complaint: Public dustbins overflowing and damaged near market area in Ward 4. Need immediate clearing. Repeated complaints to ward councillor have gone unheard.,Ward 4,Sanitation,Sanitation,2026-02-19,True
333,Urgent complaint: Extremely low water pressure in Ward 10. Even motors cannot lift water to storage tanks on first floor. Citizens are suffering greatly.,Ward 10,Water Supply,Water Supply,2026-02-14,True
334,"Sir, bringing to your immediate notice: Property tax assessment receipt not generated despite online payment deduction in Ward 2. Citizens are suffering greatly.",Ward 2,Revenue,Revenue,2026-02-17,True
335,"Respected Municipal Commissioner, Anti-larval fogging not carried out in Ward 6 despite multiple reported dengue cases.",Ward 6,Health,Health,2026-02-18,True
336,"Sir, bringing to your immediate notice: Extremely low water pressure in Ward 12. Even motors cannot lift water to storage tanks on first floor. Repeated complaints to ward councillor have gone unheard.",Ward 12,Water Supply,Water Supply,2026-02-14,True
337,"Kindly note that Dry eucalyptus tree leaning towards residential roof in Ward 2, requires emergency pruning. Please take prompt action.",Ward 2,Forest,Forest,2026-02-15,True
338,All streetlights on lane 4 in Ward 12 stay on during daytime and switch off at night. Please take prompt action.,Ward 12,Streetlights,Streetlights,2026-02-16,True
339,Dead animal lying on roadside in Ward 8 causing severe foul smell and health hazard. Citizens are suffering greatly.,Ward 8,Sanitation,Sanitation,2026-02-14,True
340,"Sir, bringing to your immediate notice: No ceiling fans working in class 5 classroom during summer heat in Ward 12. Citizens are suffering greatly.",Ward 12,Education,Education,2026-02-13,True
341,Urgent complaint: All streetlights on lane 4 in Ward 3 stay on during daytime and switch off at night. Immediate inspection requested.,Ward 3,Streetlights,Streetlights,2026-02-18,True
342,"Respected Municipal Commissioner, Road dug up for pipeline work in Ward 2 left unpaved and open for over a month. Repeated complaints to ward councillor have gone unheard.",Ward 2,Roads,Roads,2026-02-14,True
343,"Urgent complaint: Public water tap broken near community center in Ward 6, wasting hundreds of liters daily. Repeated complaints to ward councillor have gone unheard.",Ward 6,Water Supply,Water Supply,2026-02-17,True
344,Overgrown tree branches touching high-tension power lines near house number 45 in Ward 3. Citizens are suffering greatly.,Ward 3,Forest,Forest,2026-02-17,True
345,"Sir, bringing to your immediate notice: Anti-larval fogging not carried out in Ward 12 despite multiple reported dengue cases. Repeated complaints to ward councillor have gone unheard.",Ward 12,Health,Health,2026-02-18,True
346,Urgent complaint: Primary health center in Ward 10 has severe shortage of essential fever medicines and ORS packets.,Ward 10,Health,Health,2026-02-13,True
347,"Respected Municipal Commissioner, Delay in issuing trade license renewal certificate from zonal revenue office for Ward 8. Immediate inspection requested.",Ward 8,Revenue,Revenue,2026-02-18,True
348,"Electric pole tilted dangerously after storm in Ward 3, risk of collapse.",Ward 3,Electrical,Electrical,2026-02-16,True
349,"Respected Municipal Commissioner, Overgrown tree branches touching high-tension power lines near house number 45 in Ward 3. Citizens are suffering greatly.",Ward 3,Forest,Forest,2026-02-15,True
350,Speed breaker missing near school crossing in Ward 6 where vehicles overspeed dangerously. Citizens are suffering greatly.,Ward 6,Roads,Roads,2026-02-17,True
351,"Respected Municipal Commissioner, Speed breaker missing near school crossing in Ward 11 where vehicles overspeed dangerously. Citizens are suffering greatly.",Ward 11,Roads,Roads,2026-02-17,True
352,"Sir, bringing to your immediate notice: Overgrown tree branches touching high-tension power lines near house number 45 in Ward 2. Immediate inspection requested.",Ward 2,Forest,Forest,2026-02-17,True
353,"Sir, bringing to your immediate notice: Electric pole tilted dangerously after storm in Ward 3, risk of collapse. Citizens are suffering greatly.",Ward 3,Electrical,Electrical,2026-02-18,True
354,"Sir, bringing to your immediate notice: No water supply in Ward 1 since last 3 days. The overhead tank is overflowing but no water reaching houses in lane 3. Citizens are suffering greatly.",Ward 1,Water Supply,Water Supply,2026-02-13,True
355,Tar road completely eroded exposing sharp gravel stones in Ward 10. Repeated complaints to ward councillor have gone unheard.,Ward 10,Roads,Roads,2026-02-16,True
356,"Kindly note that Dry eucalyptus tree leaning towards residential roof in Ward 5, requires emergency pruning. Please take prompt action.",Ward 5,Forest,Forest,2026-02-18,True
357,Primary health center in Ward 5 has severe shortage of essential fever medicines and ORS packets. Please take prompt action.,Ward 5,Health,Health,2026-02-16,True
358,"Respected Municipal Commissioner, Delay in issuing trade license renewal certificate from zonal revenue office for Ward 7. Citizens are suffering greatly.",Ward 7,Revenue,Revenue,2026-02-16,True
359,Urgent complaint: Hanging live electric wire dangerously low across the school lane in Ward 6. Repeated complaints to ward councillor have gone unheard.,Ward 6,Electrical,Electrical,2026-02-19,True
360,"Electric pole tilted dangerously after storm in Ward 6, risk of collapse. Citizens are suffering greatly.",Ward 6,Electrical,Electrical,2026-02-17,True
361,Kindly note that Speed breaker missing near school crossing in Ward 8 where vehicles overspeed dangerously. Please take prompt action.,Ward 8,Roads,Roads,2026-02-13,True
362,Kindly note that Hanging live electric wire dangerously low across the school lane in Ward 2. Immediate inspection requested.,Ward 2,Electrical,Electrical,2026-02-13,True
363,Urgent complaint: Primary health center in Ward 4 has severe shortage of essential fever medicines and ORS packets. Immediate inspection requested.,Ward 4,Health,Health,2026-02-19,True
364,Kindly note that Government primary school in Ward 4 lacks clean drinking water facility for students. Immediate inspection requested.,Ward 4,Education,Education,2026-02-19,True
365,Delay in issuing trade license renewal certificate from zonal revenue office for Ward 8.,Ward 8,Revenue,Revenue,2026-02-15,True
366,"Respected Municipal Commissioner, Primary health center in Ward 9 has severe shortage of essential fever medicines and ORS packets. Immediate inspection requested.",Ward 9,Health,Health,2026-02-16,True
367,"Kindly note that Boundary wall of municipal school collapsed in Ward 1, stray cattle entering premises. Immediate inspection requested.",Ward 1,Education,Education,2026-02-13,True
368,Property tax assessment receipt not generated despite online payment deduction in Ward 5. Repeated complaints to ward councillor have gone unheard.,Ward 5,Revenue,Revenue,2026-02-17,True
369,Kindly note that Hanging live electric wire dangerously low across the school lane in Ward 5. Citizens are suffering greatly.,Ward 5,Electrical,Electrical,2026-02-18,True
370,"Sir, bringing to your immediate notice: Public water tap broken near community center in Ward 7, wasting hundreds of liters daily. Please take prompt action.",Ward 7,Water Supply,Water Supply,2026-02-13,True
371,Kindly note that Government primary school in Ward 9 lacks clean drinking water facility for students. Immediate inspection requested.,Ward 9,Education,Education,2026-02-15,True
372,"Respected Municipal Commissioner, Property tax assessment receipt not generated despite online payment deduction in Ward 9.",Ward 9,Revenue,Revenue,2026-02-15,True
373,"Sir, bringing to your immediate notice: Anti-larval fogging not carried out in Ward 6 despite multiple reported dengue cases. Citizens are suffering greatly.",Ward 6,Health,Health,2026-02-19,True
374,"Kindly note that Electric pole tilted dangerously after storm in Ward 4, risk of collapse. Immediate inspection requested.",Ward 4,Electrical,Electrical,2026-02-17,True
375,Urgent complaint: Contaminated drinking water being pumped into our residential area in Ward 1. It has bad odor and muddy color. Repeated complaints to ward councillor have gone unheard.,Ward 1,Water Supply,Water Supply,2026-02-13,True
376,Urgent complaint: Overgrown tree branches touching high-tension power lines near house number 45 in Ward 8. Immediate inspection requested.,Ward 8,Forest,Forest,2026-02-21,True
377,Urgent complaint: No ceiling fans working in class 5 classroom during summer heat in Ward 3. Immediate inspection requested.,Ward 3,Education,Education,2026-02-23,True
378,"Sir, bringing to your immediate notice: No ceiling fans working in class 5 classroom during summer heat in Ward 9. Repeated complaints to ward councillor have gone unheard.",Ward 9,Education,Education,2026-02-26,True
379,Urgent complaint: Street light near primary school has been broken for 2 months in Ward 8. Children walk in darkness during winter mornings. Citizens are suffering greatly.,Ward 8,Streetlights,Streetlights,2026-02-26,True
380,Public dustbins overflowing and damaged near market area in Ward 7. Need immediate clearing. Immediate inspection requested.,Ward 7,Sanitation,Sanitation,2026-02-24,True
381,Property tax assessment receipt not generated despite online payment deduction in Ward 5. Immediate inspection requested.,Ward 5,Revenue,Revenue,2026-02-25,True
382,"Respected Municipal Commissioner, Delay in issuing trade license renewal certificate from zonal revenue office for Ward 3. Please take prompt action.",Ward 3,Revenue,Revenue,2026-02-24,True
383,"Respected Municipal Commissioner, No water supply in Ward 10 since last 3 days. The overhead tank is overflowing but no water reaching houses in lane 3.",Ward 10,Water Supply,Water Supply,2026-02-25,True
384,Kindly note that Property tax assessment receipt not generated despite online payment deduction in Ward 6. Please take prompt action.,Ward 6,Revenue,Revenue,2026-02-23,True
385,Kindly note that Ambulance parking blocked by unauthorized vendors near clinic in Ward 9.,Ward 9,Health,Health,2026-02-26,True
386,"Urgent complaint: Electric pole tilted dangerously after storm in Ward 9, risk of collapse. Repeated complaints to ward councillor have gone unheard.",Ward 9,Electrical,Electrical,2026-02-21,True
387,Kindly note that Overgrown tree branches touching high-tension power lines near house number 45 in Ward 7. Immediate inspection requested.,Ward 7,Forest,Forest,2026-02-22,True
388,Urgent complaint: No ceiling fans working in class 5 classroom during summer heat in Ward 9. Immediate inspection requested.,Ward 9,Education,Education,2026-02-22,True
389,"Sir, bringing to your immediate notice: Delay in issuing trade license renewal certificate from zonal revenue office for Ward 4. Citizens are suffering greatly.",Ward 4,Revenue,Revenue,2026-02-21,True
390,"Respected Municipal Commissioner, Speed breaker missing near school crossing in Ward 5 where vehicles overspeed dangerously. Repeated complaints to ward councillor have gone unheard.",Ward 5,Roads,Roads,2026-02-26,True
391,Urgent complaint: No ceiling fans working in class 5 classroom during summer heat in Ward 8. Citizens are suffering greatly.,Ward 8,Education,Education,2026-02-22,True
392,Kindly note that Sanitation workers have not swept the residential colony in Ward 10 for over two weeks. Repeated complaints to ward councillor have gone unheard.,Ward 10,Sanitation,Sanitation,2026-02-25,True
393,Urgent complaint: Government primary school in Ward 3 lacks clean drinking water facility for students.,Ward 3,Education,Education,2026-02-22,True
394,"Kindly note that Boundary wall of municipal school collapsed in Ward 8, stray cattle entering premises. Please take prompt action.",Ward 8,Education,Education,2026-02-25,True
395,Urgent complaint: Tar road completely eroded exposing sharp gravel stones in Ward 9. Please take prompt action.,Ward 9,Roads,Roads,2026-02-22,True
396,"Respected Municipal Commissioner, Sanitation workers have not swept the residential colony in Ward 10 for over two weeks. Please take prompt action.",Ward 10,Sanitation,Sanitation,2026-02-25,True
397,"Respected Municipal Commissioner, Contaminated drinking water being pumped into our residential area in Ward 11. It has bad odor and muddy color.",Ward 11,Water Supply,Water Supply,2026-02-24,True
398,Dead animal lying on roadside in Ward 7 causing severe foul smell and health hazard. Please take prompt action.,Ward 7,Sanitation,Sanitation,2026-02-22,True
399,Kindly note that Extremely low water pressure in Ward 9. Even motors cannot lift water to storage tanks on first floor. Repeated complaints to ward councillor have gone unheard.,Ward 9,Water Supply,Water Supply,2026-02-21,True
400,Speed breaker missing near school crossing in Ward 5 where vehicles overspeed dangerously.,Ward 5,Roads,Roads,2026-02-22,True
401,"Respected Municipal Commissioner, Deep potholes on main bus route in Ward 9 causing frequent two-wheeler accidents. Repeated complaints to ward councillor have gone unheard.",Ward 9,Roads,Roads,2026-02-25,True
402,Kindly note that Power outage lasting more than 8 hours without prior notice in Ward 1. Please take prompt action.,Ward 1,Electrical,Electrical,2026-02-26,True
403,"Sir, bringing to your immediate notice: Dark stretch of 500 meters along canal road in Ward 1 due to non-functional sodium lamps. Immediate inspection requested.",Ward 1,Streetlights,Streetlights,2026-02-20,True
404,"Sir, bringing to your immediate notice: Dead animal lying on roadside in Ward 6 causing severe foul smell and health hazard. Immediate inspection requested.",Ward 6,Sanitation,Sanitation,2026-02-22,True
405,Urgent complaint: Delay in issuing trade license renewal certificate from zonal revenue office for Ward 3. Please take prompt action.,Ward 3,Revenue,Revenue,2026-02-26,True
406,Urgent complaint: Dead animal lying on roadside in Ward 6 causing severe foul smell and health hazard. Please take prompt action.,Ward 6,Sanitation,Sanitation,2026-02-21,True
407,"Sir, bringing to your immediate notice: Underground pipeline burst near main junction in Ward 12. Potable water is flooding the street for 24 hours. Please take prompt action.",Ward 12,Water Supply,Water Supply,2026-02-22,True
408,Kindly note that Power outage lasting more than 8 hours without prior notice in Ward 10. Immediate inspection requested.,Ward 10,Electrical,Electrical,2026-02-26,True
409,No ceiling fans working in class 5 classroom during summer heat in Ward 2. Please take prompt action.,Ward 2,Education,Education,2026-02-23,True
410,Transformer sparking intermittently during evening peak hours in Ward 8. Sparks falling near shops. Citizens are suffering greatly.,Ward 8,Electrical,Electrical,2026-02-22,True
411,Urgent complaint: Anti-larval fogging not carried out in Ward 4 despite multiple reported dengue cases. Citizens are suffering greatly.,Ward 4,Health,Health,2026-02-23,True
412,"Respected Municipal Commissioner, Underground pipeline burst near main junction in Ward 5. Potable water is flooding the street for 24 hours.",Ward 5,Water Supply,Water Supply,2026-02-25,True
413,Kindly note that Open sewage drain overflowing across the walking street in Ward 8. Mosquito breeding hazard. Immediate inspection requested.,Ward 8,Sanitation,Sanitation,2026-02-22,True
414,Urgent complaint: Dark stretch of 500 meters along canal road in Ward 12 due to non-functional sodium lamps. Immediate inspection requested.,Ward 12,Streetlights,Streetlights,2026-02-20,True
415,"Respected Municipal Commissioner, Waterlogging on road after brief rain in Ward 4 due to lack of storm water gradient. Repeated complaints to ward councillor have gone unheard.",Ward 4,Roads,Roads,2026-02-21,True
416,Kindly note that No ceiling fans working in class 5 classroom during summer heat in Ward 7. Immediate inspection requested.,Ward 7,Education,Education,2026-02-25,True
417,Tar road completely eroded exposing sharp gravel stones in Ward 4. Immediate inspection requested.,Ward 4,Roads,Roads,2026-02-25,True
418,Delay in issuing trade license renewal certificate from zonal revenue office for Ward 9. Immediate inspection requested.,Ward 9,Revenue,Revenue,2026-02-25,True
419,"Sir, bringing to your immediate notice: Sanitation workers have not swept the residential colony in Ward 1 for over two weeks. Please take prompt action.",Ward 1,Sanitation,Sanitation,2026-02-26,True
420,"Sir, bringing to your immediate notice: Dry eucalyptus tree leaning towards residential roof in Ward 3, requires emergency pruning. Repeated complaints to ward councillor have gone unheard.",Ward 3,Forest,Forest,2026-02-21,True
421,Kindly note that Sanitation workers have not swept the residential colony in Ward 11 for over two weeks.,Ward 11,Sanitation,Sanitation,2026-02-21,True
422,Kindly note that Overgrown tree branches touching high-tension power lines near house number 45 in Ward 8. Please take prompt action.,Ward 8,Forest,Forest,2026-02-26,True
423,"Sir, bringing to your immediate notice: Overgrown tree branches touching high-tension power lines near house number 45 in Ward 7. Repeated complaints to ward councillor have gone unheard.",Ward 7,Forest,Forest,2026-02-23,True
424,Urgent complaint: New LED street lights flickering continuously causing glare and headache in Ward 12.,Ward 12,Streetlights,Streetlights,2026-02-20,True
425,Kindly note that Deep potholes on main bus route in Ward 10 causing frequent two-wheeler accidents. Citizens are suffering greatly.,Ward 10,Roads,Roads,2026-02-20,True
426,Kindly note that Garbage not collected for 1 week in Ward 9. Smell is unbearable and stray animals are scattering waste everywhere.,Ward 9,Sanitation,Sanitation,2026-02-20,True
427,Kindly note that All streetlights on lane 4 in Ward 7 stay on during daytime and switch off at night. Citizens are suffering greatly.,Ward 7,Streetlights,Streetlights,2026-02-21,True
428,Kindly note that Anti-larval fogging not carried out in Ward 8 despite multiple reported dengue cases.,Ward 8,Health,Health,2026-02-26,True
429,"Dry eucalyptus tree leaning towards residential roof in Ward 3, requires emergency pruning. Please take prompt action.",Ward 3,Forest,Forest,2026-02-25,True
430,"Respected Municipal Commissioner, Overgrown tree branches touching high-tension power lines near house number 45 in Ward 7.",Ward 7,Forest,Forest,2026-02-24,True
431,"Kindly note that Public water tap broken near community center in Ward 5, wasting hundreds of liters daily. Immediate inspection requested.",Ward 5,Water Supply,Water Supply,2026-02-23,True
432,Urgent complaint: Anti-larval fogging not carried out in Ward 4 despite multiple reported dengue cases. Please take prompt action.,Ward 4,Health,Health,2026-02-21,True
433,Street light near primary school has been broken for 2 months in Ward 4. Children walk in darkness during winter mornings. Repeated complaints to ward councillor have gone unheard.,Ward 4,Streetlights,Streetlights,2026-02-25,True
434,No water supply in Ward 4 since last 3 days. The overhead tank is overflowing but no water reaching houses in lane 3. Immediate inspection requested.,Ward 4,Water Supply,Water Supply,2026-02-21,True
435,"Respected Municipal Commissioner, No water supply in Ward 8 since last 3 days. The overhead tank is overflowing but no water reaching houses in lane 3.",Ward 8,Water Supply,Water Supply,2026-02-24,True
436,"Respected Municipal Commissioner, Ambulance parking blocked by unauthorized vendors near clinic in Ward 8.",Ward 8,Health,Health,2026-02-21,True
437,"Sir, bringing to your immediate notice: Transformer sparking intermittently during evening peak hours in Ward 9. Sparks falling near shops. Citizens are suffering greatly.",Ward 9,Electrical,Electrical,2026-02-22,True
438,"Sir, bringing to your immediate notice: Government primary school in Ward 4 lacks clean drinking water facility for students. Please take prompt action.",Ward 4,Education,Education,2026-02-22,True
439,"Sir, bringing to your immediate notice: Primary health center in Ward 5 has severe shortage of essential fever medicines and ORS packets. Immediate inspection requested.",Ward 5,Health,Health,2026-02-22,True
440,"Sir, bringing to your immediate notice: Power outage lasting more than 8 hours without prior notice in Ward 11. Repeated complaints to ward councillor have gone unheard.",Ward 11,Electrical,Electrical,2026-02-25,True
441,"Sir, bringing to your immediate notice: Extremely low water pressure in Ward 6. Even motors cannot lift water to storage tanks on first floor. Citizens are suffering greatly.",Ward 6,Water Supply,Water Supply,2026-02-25,True
442,Kindly note that Anti-larval fogging not carried out in Ward 7 despite multiple reported dengue cases. Please take prompt action.,Ward 7,Health,Health,2026-02-21,True
443,Urgent complaint: Overgrown tree branches touching high-tension power lines near house number 45 in Ward 8. Please take prompt action.,Ward 8,Forest,Forest,2026-02-21,True
444,Kindly note that Delay in issuing trade license renewal certificate from zonal revenue office for Ward 1. Immediate inspection requested.,Ward 1,Revenue,Revenue,2026-02-24,True
445,Urgent complaint: Overgrown tree branches touching high-tension power lines near house number 45 in Ward 3. Please take prompt action.,Ward 3,Forest,Forest,2026-02-23,True
446,"Urgent complaint: Boundary wall of municipal school collapsed in Ward 11, stray cattle entering premises.",Ward 11,Education,Education,2026-02-20,True
447,Overgrown tree branches touching high-tension power lines near house number 45 in Ward 12. Citizens are suffering greatly.,Ward 12,Forest,Forest,2026-02-26,True
448,Ambulance parking blocked by unauthorized vendors near clinic in Ward 11.,Ward 11,Health,Health,2026-02-24,True
449,"Respected Municipal Commissioner, Tar road completely eroded exposing sharp gravel stones in Ward 10. Repeated complaints to ward councillor have gone unheard.",Ward 10,Roads,Roads,2026-02-25,True
450,"Respected Municipal Commissioner, Deep potholes on main bus route in Ward 6 causing frequent two-wheeler accidents. Please take prompt action.",Ward 6,Roads,Roads,2026-02-22,True
451,"Respected Municipal Commissioner, Dead animal lying on roadside in Ward 12 causing severe foul smell and health hazard. Immediate inspection requested.",Ward 12,Sanitation,Sanitation,2026-02-26,True
452,Urgent complaint: Tar road completely eroded exposing sharp gravel stones in Ward 7. Citizens are suffering greatly.,Ward 7,Roads,Roads,2026-02-21,True
453,Urgent complaint: Ambulance parking blocked by unauthorized vendors near clinic in Ward 8. Citizens are suffering greatly.,Ward 8,Health,Health,2026-02-24,True
454,Kindly note that New LED street lights flickering continuously causing glare and headache in Ward 6.,Ward 6,Streetlights,Streetlights,2026-02-24,True
455,Urgent complaint: Delay in issuing trade license renewal certificate from zonal revenue office for Ward 6. Repeated complaints to ward councillor have gone unheard.,Ward 6,Revenue,Revenue,2026-02-21,True
456,"Respected Municipal Commissioner, Contaminated drinking water being pumped into our residential area in Ward 10. It has bad odor and muddy color.",Ward 10,Water Supply,Water Supply,2026-02-26,True
457,Kindly note that Underground cable fault knocked out entire street lighting grid in Ward 9. Citizens are suffering greatly.,Ward 9,Streetlights,Streetlights,2026-02-24,True
458,Kindly note that Transformer sparking intermittently during evening peak hours in Ward 4. Sparks falling near shops. Immediate inspection requested.,Ward 4,Electrical,Electrical,2026-02-22,True
459,Urgent complaint: Speed breaker missing near school crossing in Ward 8 where vehicles overspeed dangerously. Repeated complaints to ward councillor have gone unheard.,Ward 8,Roads,Roads,2026-02-24,True
460,"Respected Municipal Commissioner, Delay in issuing trade license renewal certificate from zonal revenue office for Ward 8. Please take prompt action.",Ward 8,Revenue,Revenue,2026-02-21,True
461,"Sir, bringing to your immediate notice: Overgrown tree branches touching high-tension power lines near house number 45 in Ward 8.",Ward 8,Forest,Forest,2026-02-21,True
462,Kindly note that Garbage not collected for 1 week in Ward 11. Smell is unbearable and stray animals are scattering waste everywhere. Please take prompt action.,Ward 11,Sanitation,Sanitation,2026-02-20,True
463,Road dug up for pipeline work in Ward 2 left unpaved and open for over a month. Please take prompt action.,Ward 2,Roads,Roads,2026-02-25,True
464,"Sir, bringing to your immediate notice: Overgrown tree branches touching high-tension power lines near house number 45 in Ward 8. Immediate inspection requested.",Ward 8,Forest,Forest,2026-02-22,True
465,Property tax assessment receipt not generated despite online payment deduction in Ward 11. Immediate inspection requested.,Ward 11,Revenue,Revenue,2026-02-23,True
466,"Sir, bringing to your immediate notice: Overgrown tree branches touching high-tension power lines near house number 45 in Ward 7. Citizens are suffering greatly.",Ward 7,Forest,Forest,2026-02-20,True
467,"Respected Municipal Commissioner, Dry eucalyptus tree leaning towards residential roof in Ward 5, requires emergency pruning.",Ward 5,Forest,Forest,2026-02-20,True
468,"Respected Municipal Commissioner, Open sewage drain overflowing across the walking street in Ward 9. Mosquito breeding hazard. Immediate inspection requested.",Ward 9,Sanitation,Sanitation,2026-02-21,True
469,"Urgent complaint: Dry eucalyptus tree leaning towards residential roof in Ward 5, requires emergency pruning. Repeated complaints to ward councillor have gone unheard.",Ward 5,Forest,Forest,2026-02-26,True
470,"Sir, bringing to your immediate notice: Dead animal lying on roadside in Ward 6 causing severe foul smell and health hazard. Please take prompt action.",Ward 6,Sanitation,Sanitation,2026-02-23,True
471,Deep potholes on main bus route in Ward 5 causing frequent two-wheeler accidents.,Ward 5,Roads,Roads,2026-02-25,True
472,Kindly note that Ambulance parking blocked by unauthorized vendors near clinic in Ward 7.,Ward 7,Health,Health,2026-02-23,True
473,Kindly note that No water supply in Ward 12 since last 3 days. The overhead tank is overflowing but no water reaching houses in lane 3. Repeated complaints to ward councillor have gone unheard.,Ward 12,Water Supply,Water Supply,2026-02-21,True
474,"Sir, bringing to your immediate notice: Government primary school in Ward 10 lacks clean drinking water facility for students.",Ward 10,Education,Education,2026-02-26,True
475,Kindly note that Tar road completely eroded exposing sharp gravel stones in Ward 4. Citizens are suffering greatly.,Ward 4,Roads,Roads,2026-02-26,True
476,"Sir, bringing to your immediate notice: Underground pipeline burst near main junction in Ward 2. Potable water is flooding the street for 24 hours. Immediate inspection requested.",Ward 2,Water Supply,Water Supply,2026-02-25,True
477,Underground pipeline burst near main junction in Ward 3. Potable water is flooding the street for 24 hours. Please take prompt action.,Ward 3,Water Supply,Water Supply,2026-02-26,True
478,Power outage lasting more than 8 hours without prior notice in Ward 12. Citizens are suffering greatly.,Ward 12,Electrical,Electrical,2026-02-26,True
479,"Kindly note that Electric pole tilted dangerously after storm in Ward 10, risk of collapse. Immediate inspection requested.",Ward 10,Electrical,Electrical,2026-02-21,True
480,"Respected Municipal Commissioner, No ceiling fans working in class 5 classroom during summer heat in Ward 7.",Ward 7,Education,Education,2026-02-26,True
481,Overgrown tree branches touching high-tension power lines near house number 45 in Ward 12. Repeated complaints to ward councillor have gone unheard.,Ward 12,Forest,Forest,2026-02-22,True
482,"Sir, bringing to your immediate notice: Tar road completely eroded exposing sharp gravel stones in Ward 2. Immediate inspection requested.",Ward 2,Roads,Roads,2026-02-22,True
483,Urgent complaint: Ambulance parking blocked by unauthorized vendors near clinic in Ward 6. Repeated complaints to ward councillor have gone unheard.,Ward 6,Health,Health,2026-02-20,True
484,Kindly note that Delay in issuing trade license renewal certificate from zonal revenue office for Ward 4. Please take prompt action.,Ward 4,Revenue,Revenue,2026-02-22,True
485,Urgent complaint: Ambulance parking blocked by unauthorized vendors near clinic in Ward 2. Please take prompt action.,Ward 2,Health,Health,2026-02-26,True
486,Kindly note that Open sewage drain overflowing across the walking street in Ward 2. Mosquito breeding hazard. Please take prompt action.,Ward 2,Sanitation,Sanitation,2026-02-22,True
487,Primary health center in Ward 6 has severe shortage of essential fever medicines and ORS packets.,Ward 6,Health,Health,2026-02-22,True
488,Dark stretch of 500 meters along canal road in Ward 8 due to non-functional sodium lamps. Please take prompt action.,Ward 8,Streetlights,Streetlights,2026-02-22,True
489,"Sir, bringing to your immediate notice: Dead animal lying on roadside in Ward 3 causing severe foul smell and health hazard. Immediate inspection requested.",Ward 3,Sanitation,Sanitation,2026-02-23,True
490,Overgrown tree branches touching high-tension power lines near house number 45 in Ward 7. Citizens are suffering greatly.,Ward 7,Forest,Forest,2026-02-20,True
491,"Kindly note that Dry eucalyptus tree leaning towards residential roof in Ward 2, requires emergency pruning.",Ward 2,Forest,Forest,2026-02-24,True
492,"Sir, bringing to your immediate notice: Street light near primary school has been broken for 2 months in Ward 7. Children walk in darkness during winter mornings. Please take prompt action.",Ward 7,Streetlights,Streetlights,2026-02-23,True
493,"Respected Municipal Commissioner, Dry eucalyptus tree leaning towards residential roof in Ward 3, requires emergency pruning. Please take prompt action.",Ward 3,Forest,Forest,2026-02-25,True
494,"Respected Municipal Commissioner, New LED street lights flickering continuously causing glare and headache in Ward 5.",Ward 5,Streetlights,Streetlights,2026-02-22,True
495,Urgent complaint: Power outage lasting more than 8 hours without prior notice in Ward 7. Repeated complaints to ward councillor have gone unheard.,Ward 7,Electrical,Electrical,2026-02-22,True
496,Kindly note that Open sewage drain overflowing across the walking street in Ward 6. Mosquito breeding hazard. Immediate inspection requested.,Ward 6,Sanitation,Sanitation,2026-02-22,True
497,Urgent complaint: Road dug up for pipeline work in Ward 8 left unpaved and open for over a month.,Ward 8,Roads,Roads,2026-02-20,True
498,Kindly note that Ambulance parking blocked by unauthorized vendors near clinic in Ward 6. Citizens are suffering greatly.,Ward 6,Health,Health,2026-02-26,True
499,Urgent complaint: Property tax assessment receipt not generated despite online payment deduction in Ward 6. Citizens are suffering greatly.,Ward 6,Revenue,Revenue,2026-02-23,True
500,Kindly note that Road dug up for pipeline work in Ward 8 left unpaved and open for over a month. Citizens are suffering greatly.,Ward 8,Roads,Roads,2026-02-22,True
501,"Sir, bringing to your immediate notice: New LED street lights flickering continuously causing glare and headache in Ward 12. Please take prompt action.",Ward 12,Streetlights,Streetlights,2026-03-04,True
502,"Urgent complaint: Boundary wall of municipal school collapsed in Ward 7, stray cattle entering premises.",Ward 7,Education,Education,2026-03-01,True
503,"Sir, bringing to your immediate notice: Road dug up for pipeline work in Ward 10 left unpaved and open for over a month.",Ward 10,Roads,Roads,2026-03-03,True
504,Urgent complaint: Delay in issuing trade license renewal certificate from zonal revenue office for Ward 12.,Ward 12,Revenue,Revenue,2026-02-28,True
505,Urgent complaint: Primary health center in Ward 11 has severe shortage of essential fever medicines and ORS packets. Please take prompt action.,Ward 11,Health,Health,2026-03-02,True
506,Kindly note that New LED street lights flickering continuously causing glare and headache in Ward 11.,Ward 11,Streetlights,Streetlights,2026-02-28,True
507,"Sir, bringing to your immediate notice: Delay in issuing trade license renewal certificate from zonal revenue office for Ward 10. Immediate inspection requested.",Ward 10,Revenue,Revenue,2026-03-02,True
508,"Sir, bringing to your immediate notice: Anti-larval fogging not carried out in Ward 9 despite multiple reported dengue cases. Immediate inspection requested.",Ward 9,Health,Health,2026-02-27,True
509,Urgent complaint: Open sewage drain overflowing across the walking street in Ward 2. Mosquito breeding hazard. Please take prompt action.,Ward 2,Sanitation,Sanitation,2026-03-05,True
510,Urgent complaint: Extremely low water pressure in Ward 10. Even motors cannot lift water to storage tanks on first floor. Repeated complaints to ward councillor have gone unheard.,Ward 10,Water Supply,Water Supply,2026-03-04,True
511,"Respected Municipal Commissioner, Public dustbins overflowing and damaged near market area in Ward 1. Need immediate clearing. Immediate inspection requested.",Ward 1,Sanitation,Sanitation,2026-02-27,True
512,Kindly note that Overgrown tree branches touching high-tension power lines near house number 45 in Ward 9. Citizens are suffering greatly.,Ward 9,Forest,Forest,2026-03-03,True
513,"Sir, bringing to your immediate notice: Ambulance parking blocked by unauthorized vendors near clinic in Ward 8. Immediate inspection requested.",Ward 8,Health,Health,2026-03-05,True
514,Power outage lasting more than 8 hours without prior notice in Ward 6. Citizens are suffering greatly.,Ward 6,Electrical,Electrical,2026-02-27,True
515,"Respected Municipal Commissioner, Ambulance parking blocked by unauthorized vendors near clinic in Ward 2. Citizens are suffering greatly.",Ward 2,Health,Health,2026-02-27,True
516,"Sir, bringing to your immediate notice: All streetlights on lane 4 in Ward 6 stay on during daytime and switch off at night. Repeated complaints to ward councillor have gone unheard.",Ward 6,Streetlights,Streetlights,2026-03-02,True
517,"Kindly note that Boundary wall of municipal school collapsed in Ward 8, stray cattle entering premises. Citizens are suffering greatly.",Ward 8,Education,Education,2026-02-27,True
518,Garbage not collected for 1 week in Ward 5. Smell is unbearable and stray animals are scattering waste everywhere. Citizens are suffering greatly.,Ward 5,Sanitation,Sanitation,2026-02-27,True
519,"Respected Municipal Commissioner, Open sewage drain overflowing across the walking street in Ward 11. Mosquito breeding hazard. Immediate inspection requested.",Ward 11,Sanitation,Sanitation,2026-03-05,True
520,"Sir, bringing to your immediate notice: Hanging live electric wire dangerously low across the school lane in Ward 9. Repeated complaints to ward councillor have gone unheard.",Ward 9,Electrical,Electrical,2026-02-28,True
521,"Respected Municipal Commissioner, Delay in issuing trade license renewal certificate from zonal revenue office for Ward 4. Please take prompt action.",Ward 4,Revenue,Revenue,2026-03-05,True
522,"Sir, bringing to your immediate notice: Ambulance parking blocked by unauthorized vendors near clinic in Ward 7. Please take prompt action.",Ward 7,Health,Health,2026-02-27,True
523,Delay in issuing trade license renewal certificate from zonal revenue office for Ward 10. Please take prompt action.,Ward 10,Revenue,Revenue,2026-03-02,True
524,"Sir, bringing to your immediate notice: Deep potholes on main bus route in Ward 5 causing frequent two-wheeler accidents.",Ward 5,Roads,Roads,2026-03-05,True
525,"Respected Municipal Commissioner, Dry eucalyptus tree leaning towards residential roof in Ward 3, requires emergency pruning. Repeated complaints to ward councillor have gone unheard.",Ward 3,Forest,Forest,2026-03-01,True
526,"Sir, bringing to your immediate notice: Dead animal lying on roadside in Ward 5 causing severe foul smell and health hazard. Citizens are suffering greatly.",Ward 5,Sanitation,Sanitation,2026-03-04,True
527,Ambulance parking blocked by unauthorized vendors near clinic in Ward 10. Citizens are suffering greatly.,Ward 10,Health,Health,2026-03-02,True
528,Urgent complaint: Government primary school in Ward 8 lacks clean drinking water facility for students. Immediate inspection requested.,Ward 8,Education,Education,2026-03-03,True
529,Public dustbins overflowing and damaged near market area in Ward 11. Need immediate clearing. Please take prompt action.,Ward 11,Sanitation,Sanitation,2026-02-28,True
530,"Respected Municipal Commissioner, Dark stretch of 500 meters along canal road in Ward 2 due to non-functional sodium lamps. Immediate inspection requested.",Ward 2,Streetlights,Streetlights,2026-02-28,True
531,"Sir, bringing to your immediate notice: Primary health center in Ward 7 has severe shortage of essential fever medicines and ORS packets. Repeated complaints to ward councillor have gone unheard.",Ward 7,Health,Health,2026-03-03,True
532,"Sir, bringing to your immediate notice: Ambulance parking blocked by unauthorized vendors near clinic in Ward 3. Please take prompt action.",Ward 3,Health,Health,2026-03-02,True
533,"Respected Municipal Commissioner, Dry eucalyptus tree leaning towards residential roof in Ward 3, requires emergency pruning. Please take prompt action.",Ward 3,Forest,Forest,2026-03-02,True
534,Urgent complaint: Government primary school in Ward 8 lacks clean drinking water facility for students.,Ward 8,Education,Education,2026-03-03,True
535,"Sir, bringing to your immediate notice: Delay in issuing trade license renewal certificate from zonal revenue office for Ward 3. Immediate inspection requested.",Ward 3,Revenue,Revenue,2026-02-28,True
536,Kindly note that Delay in issuing trade license renewal certificate from zonal revenue office for Ward 7. Repeated complaints to ward councillor have gone unheard.,Ward 7,Revenue,Revenue,2026-03-04,True
537,"Respected Municipal Commissioner, Property tax assessment receipt not generated despite online payment deduction in Ward 3. Citizens are suffering greatly.",Ward 3,Revenue,Revenue,2026-02-27,True
538,"Urgent complaint: Public water tap broken near community center in Ward 5, wasting hundreds of liters daily. Please take prompt action.",Ward 5,Water Supply,Water Supply,2026-02-28,True
539,"Sir, bringing to your immediate notice: Delay in issuing trade license renewal certificate from zonal revenue office for Ward 10. Immediate inspection requested.",Ward 10,Revenue,Revenue,2026-03-04,True
540,"Sir, bringing to your immediate notice: Public dustbins overflowing and damaged near market area in Ward 10. Need immediate clearing. Citizens are suffering greatly.",Ward 10,Sanitation,Sanitation,2026-02-27,True
541,"Sir, bringing to your immediate notice: Dry eucalyptus tree leaning towards residential roof in Ward 1, requires emergency pruning. Please take prompt action.",Ward 1,Forest,Forest,2026-03-05,True
542,"Respected Municipal Commissioner, Ambulance parking blocked by unauthorized vendors near clinic in Ward 2. Citizens are suffering greatly.",Ward 2,Health,Health,2026-03-04,True
543,Underground pipeline burst near main junction in Ward 8. Potable water is flooding the street for 24 hours. Repeated complaints to ward councillor have gone unheard.,Ward 8,Water Supply,Water Supply,2026-03-01,True
544,Urgent complaint: Sanitation workers have not swept the residential colony in Ward 4 for over two weeks. Immediate inspection requested.,Ward 4,Sanitation,Sanitation,2026-02-28,True
545,"Respected Municipal Commissioner, Primary health center in Ward 3 has severe shortage of essential fever medicines and ORS packets. Please take prompt action.",Ward 3,Health,Health,2026-03-03,True
546,"Urgent complaint: Public water tap broken near community center in Ward 10, wasting hundreds of liters daily. Immediate inspection requested.",Ward 10,Water Supply,Water Supply,2026-03-01,True
547,"Urgent complaint: Dry eucalyptus tree leaning towards residential roof in Ward 3, requires emergency pruning. Immediate inspection requested.",Ward 3,Forest,Forest,2026-03-01,True
548,"Respected Municipal Commissioner, Street light near primary school has been broken for 2 months in Ward 9. Children walk in darkness during winter mornings. Repeated complaints to ward councillor have gone unheard.",Ward 9,Streetlights,Streetlights,2026-03-04,True
549,"Respected Municipal Commissioner, Contaminated drinking water being pumped into our residential area in Ward 5. It has bad odor and muddy color. Please take prompt action.",Ward 5,Water Supply,Water Supply,2026-03-05,True
550,Kindly note that Transformer sparking intermittently during evening peak hours in Ward 12. Sparks falling near shops. Repeated complaints to ward councillor have gone unheard.,Ward 12,Electrical,Electrical,2026-03-01,True
551,Kindly note that Hanging live electric wire dangerously low across the school lane in Ward 10. Repeated complaints to ward councillor have gone unheard.,Ward 10,Electrical,Electrical,2026-03-04,True
552,Kindly note that Property tax assessment receipt not generated despite online payment deduction in Ward 2. Immediate inspection requested.,Ward 2,Revenue,Revenue,2026-03-04,True
553,Kindly note that New LED street lights flickering continuously causing glare and headache in Ward 12. Citizens are suffering greatly.,Ward 12,Streetlights,Streetlights,2026-03-01,True
554,Urgent complaint: Extremely low water pressure in Ward 12. Even motors cannot lift water to storage tanks on first floor.,Ward 12,Water Supply,Water Supply,2026-02-27,True
555,"Respected Municipal Commissioner, Dry eucalyptus tree leaning towards residential roof in Ward 7, requires emergency pruning. Repeated complaints to ward councillor have gone unheard.",Ward 7,Forest,Forest,2026-02-28,True
556,Urgent complaint: Dark stretch of 500 meters along canal road in Ward 6 due to non-functional sodium lamps. Immediate inspection requested.,Ward 6,Streetlights,Streetlights,2026-03-05,True
557,Urgent complaint: Power outage lasting more than 8 hours without prior notice in Ward 10.,Ward 10,Electrical,Electrical,2026-03-05,True
558,Extremely low water pressure in Ward 2. Even motors cannot lift water to storage tanks on first floor.,Ward 2,Water Supply,Water Supply,2026-03-04,True
559,Kindly note that Frequent power tripping and voltage fluctuation in Ward 8 damaging household refrigerators and fans. Please take prompt action.,Ward 8,Electrical,Electrical,2026-03-02,True
560,Urgent complaint: Transformer sparking intermittently during evening peak hours in Ward 11. Sparks falling near shops.,Ward 11,Electrical,Electrical,2026-03-01,True
561,"Respected Municipal Commissioner, Boundary wall of municipal school collapsed in Ward 5, stray cattle entering premises.",Ward 5,Education,Education,2026-02-27,True
562,"Respected Municipal Commissioner, Ambulance parking blocked by unauthorized vendors near clinic in Ward 11. Repeated complaints to ward councillor have gone unheard.",Ward 11,Health,Health,2026-03-01,True
563,"Respected Municipal Commissioner, Garbage not collected for 1 week in Ward 12. Smell is unbearable and stray animals are scattering waste everywhere. Repeated complaints to ward councillor have gone unheard.",Ward 12,Sanitation,Sanitation,2026-02-27,True
564,"Sir, bringing to your immediate notice: Open sewage drain overflowing across the walking street in Ward 3. Mosquito breeding hazard. Repeated complaints to ward councillor have gone unheard.",Ward 3,Sanitation,Sanitation,2026-03-03,True
565,Underground pipeline burst near main junction in Ward 1. Potable water is flooding the street for 24 hours. Repeated complaints to ward councillor have gone unheard.,Ward 1,Water Supply,Water Supply,2026-03-04,True
566,Kindly note that Transformer sparking intermittently during evening peak hours in Ward 8. Sparks falling near shops.,Ward 8,Electrical,Electrical,2026-02-27,True
567,Urgent complaint: Public dustbins overflowing and damaged near market area in Ward 2. Need immediate clearing. Please take prompt action.,Ward 2,Sanitation,Sanitation,2026-03-01,True
568,"Respected Municipal Commissioner, Ambulance parking blocked by unauthorized vendors near clinic in Ward 3.",Ward 3,Health,Health,2026-03-04,True
569,Kindly note that Overgrown tree branches touching high-tension power lines near house number 45 in Ward 10. Citizens are suffering greatly.,Ward 10,Forest,Forest,2026-02-27,True
570,Kindly note that Road dug up for pipeline work in Ward 11 left unpaved and open for over a month. Immediate inspection requested.,Ward 11,Roads,Roads,2026-03-04,True
571,"Respected Municipal Commissioner, Property tax assessment receipt not generated despite online payment deduction in Ward 4.",Ward 4,Revenue,Revenue,2026-02-27,True
572,"Respected Municipal Commissioner, Anti-larval fogging not carried out in Ward 6 despite multiple reported dengue cases. Please take prompt action.",Ward 6,Health,Health,2026-03-02,True
573,"Sir, bringing to your immediate notice: All streetlights on lane 4 in Ward 11 stay on during daytime and switch off at night. Immediate inspection requested.",Ward 11,Streetlights,Streetlights,2026-02-27,True
574,"Respected Municipal Commissioner, Dark stretch of 500 meters along canal road in Ward 12 due to non-functional sodium lamps. Immediate inspection requested.",Ward 12,Streetlights,Streetlights,2026-02-27,True
575,"Urgent complaint: Dry eucalyptus tree leaning towards residential roof in Ward 4, requires emergency pruning.",Ward 4,Forest,Forest,2026-03-04,True
576,"Respected Municipal Commissioner, Deep potholes on main bus route in Ward 8 causing frequent two-wheeler accidents. Repeated complaints to ward councillor have gone unheard.",Ward 8,Roads,Roads,2026-03-02,True
577,Urgent complaint: Public dustbins overflowing and damaged near market area in Ward 9. Need immediate clearing. Please take prompt action.,Ward 9,Sanitation,Sanitation,2026-02-27,True
578,"Sir, bringing to your immediate notice: Anti-larval fogging not carried out in Ward 10 despite multiple reported dengue cases. Please take prompt action.",Ward 10,Health,Health,2026-03-02,True
579,Property tax assessment receipt not generated despite online payment deduction in Ward 2. Citizens are suffering greatly.,Ward 2,Revenue,Revenue,2026-02-27,True
580,"Sir, bringing to your immediate notice: Waterlogging on road after brief rain in Ward 1 due to lack of storm water gradient. Citizens are suffering greatly.",Ward 1,Roads,Roads,2026-02-27,True
581,"Dry eucalyptus tree leaning towards residential roof in Ward 7, requires emergency pruning. Immediate inspection requested.",Ward 7,Forest,Forest,2026-03-02,True
582,"Dry eucalyptus tree leaning towards residential roof in Ward 10, requires emergency pruning. Citizens are suffering greatly.",Ward 10,Forest,Forest,2026-02-28,True
583,"Sir, bringing to your immediate notice: Open sewage drain overflowing across the walking street in Ward 9. Mosquito breeding hazard. Citizens are suffering greatly.",Ward 9,Sanitation,Sanitation,2026-02-28,True
584,Ambulance parking blocked by unauthorized vendors near clinic in Ward 10. Citizens are suffering greatly.,Ward 10,Health,Health,2026-03-04,True
585,Primary health center in Ward 12 has severe shortage of essential fever medicines and ORS packets. Please take prompt action.,Ward 12,Health,Health,2026-03-05,True
586,"Sir, bringing to your immediate notice: Dead animal lying on roadside in Ward 7 causing severe foul smell and health hazard. Immediate inspection requested.",Ward 7,Sanitation,Sanitation,2026-02-27,True
587,Contaminated drinking water being pumped into our residential area in Ward 5. It has bad odor and muddy color.,Ward 5,Water Supply,Water Supply,2026-03-04,True
588,Kindly note that Transformer sparking intermittently during evening peak hours in Ward 12. Sparks falling near shops. Citizens are suffering greatly.,Ward 12,Electrical,Electrical,2026-02-27,True
589,"Respected Municipal Commissioner, Dry eucalyptus tree leaning towards residential roof in Ward 9, requires emergency pruning. Citizens are suffering greatly.",Ward 9,Forest,Forest,2026-03-05,True
590,Hanging live electric wire dangerously low across the school lane in Ward 12.,Ward 12,Electrical,Electrical,2026-03-05,True
591,No ceiling fans working in class 5 classroom during summer heat in Ward 7. Citizens are suffering greatly.,Ward 7,Education,Education,2026-03-01,True
592,Urgent complaint: Sanitation workers have not swept the residential colony in Ward 8 for over two weeks.,Ward 8,Sanitation,Sanitation,2026-03-02,True
593,"Respected Municipal Commissioner, Delay in issuing trade license renewal certificate from zonal revenue office for Ward 10. Citizens are suffering greatly.",Ward 10,Revenue,Revenue,2026-02-28,True
594,"Respected Municipal Commissioner, Garbage not collected for 1 week in Ward 10. Smell is unbearable and stray animals are scattering waste everywhere. Immediate inspection requested.",Ward 10,Sanitation,Sanitation,2026-03-04,True
595,"Respected Municipal Commissioner, No water supply in Ward 1 since last 3 days. The overhead tank is overflowing but no water reaching houses in lane 3.",Ward 1,Water Supply,Water Supply,2026-03-05,True
596,"Respected Municipal Commissioner, Property tax assessment receipt not generated despite online payment deduction in Ward 6.",Ward 6,Revenue,Revenue,2026-03-02,True
597,"Respected Municipal Commissioner, Dry eucalyptus tree leaning towards residential roof in Ward 12, requires emergency pruning. Citizens are suffering greatly.",Ward 12,Forest,Forest,2026-03-04,True
598,Urgent complaint: Speed breaker missing near school crossing in Ward 7 where vehicles overspeed dangerously.,Ward 7,Roads,Roads,2026-03-04,True
599,No ceiling fans working in class 5 classroom during summer heat in Ward 2. Please take prompt action.,Ward 2,Education,Education,2026-03-03,True
600,Waterlogging on road after brief rain in Ward 9 due to lack of storm water gradient. Repeated complaints to ward councillor have gone unheard.,Ward 9,Roads,Roads,2026-02-27,True
601,"Sir, bringing to your immediate notice: Street light near primary school has been broken for 2 months in Ward 5. Children walk in darkness during winter mornings. Repeated complaints to ward councillor have gone unheard.",Ward 5,Streetlights,Streetlights,2026-03-01,True
602,"Sir, bringing to your immediate notice: Underground pipeline burst near main junction in Ward 6. Potable water is flooding the street for 24 hours. Citizens are suffering greatly.",Ward 6,Water Supply,Water Supply,2026-02-28,True
603,Kindly note that Tar road completely eroded exposing sharp gravel stones in Ward 8. Please take prompt action.,Ward 8,Roads,Roads,2026-03-01,True
604,Kindly note that Overgrown tree branches touching high-tension power lines near house number 45 in Ward 4.,Ward 4,Forest,Forest,2026-02-28,True
605,Urgent complaint: Deep potholes on main bus route in Ward 9 causing frequent two-wheeler accidents.,Ward 9,Roads,Roads,2026-03-01,True
606,Anti-larval fogging not carried out in Ward 12 despite multiple reported dengue cases. Please take prompt action.,Ward 12,Health,Health,2026-03-04,True
607,"Dry eucalyptus tree leaning towards residential roof in Ward 4, requires emergency pruning. Please take prompt action.",Ward 4,Forest,Forest,2026-03-02,True
608,"Sir, bringing to your immediate notice: All streetlights on lane 4 in Ward 2 stay on during daytime and switch off at night. Repeated complaints to ward councillor have gone unheard.",Ward 2,Streetlights,Streetlights,2026-02-27,True
609,"Sir, bringing to your immediate notice: Government primary school in Ward 8 lacks clean drinking water facility for students.",Ward 8,Education,Education,2026-03-04,True
610,"Dry eucalyptus tree leaning towards residential roof in Ward 3, requires emergency pruning. Immediate inspection requested.",Ward 3,Forest,Forest,2026-03-04,True
611,"Respected Municipal Commissioner, Contaminated drinking water being pumped into our residential area in Ward 7. It has bad odor and muddy color. Citizens are suffering greatly.",Ward 7,Water Supply,Water Supply,2026-03-04,True
612,Urgent complaint: New LED street lights flickering continuously causing glare and headache in Ward 6. Citizens are suffering greatly.,Ward 6,Streetlights,Streetlights,2026-03-05,True
613,"Respected Municipal Commissioner, Property tax assessment receipt not generated despite online payment deduction in Ward 5. Please take prompt action.",Ward 5,Revenue,Revenue,2026-02-28,True
614,Kindly note that Open sewage drain overflowing across the walking street in Ward 3. Mosquito breeding hazard. Repeated complaints to ward councillor have gone unheard.,Ward 3,Sanitation,Sanitation,2026-02-27,True
615,Urgent complaint: No ceiling fans working in class 5 classroom during summer heat in Ward 7. Please take prompt action.,Ward 7,Education,Education,2026-02-27,True
616,Delay in issuing trade license renewal certificate from zonal revenue office for Ward 5.,Ward 5,Revenue,Revenue,2026-03-02,True
617,"Electric pole tilted dangerously after storm in Ward 11, risk of collapse. Please take prompt action.",Ward 11,Electrical,Electrical,2026-03-01,True
618,"Respected Municipal Commissioner, No ceiling fans working in class 5 classroom during summer heat in Ward 3. Citizens are suffering greatly.",Ward 3,Education,Education,2026-02-27,True
619,Urgent complaint: Ambulance parking blocked by unauthorized vendors near clinic in Ward 9. Citizens are suffering greatly.,Ward 9,Health,Health,2026-02-27,True
620,"Sir, bringing to your immediate notice: Power outage lasting more than 8 hours without prior notice in Ward 1. Immediate inspection requested.",Ward 1,Electrical,Electrical,2026-03-02,True
621,"Respected Municipal Commissioner, Deep potholes on main bus route in Ward 2 causing frequent two-wheeler accidents.",Ward 2,Roads,Roads,2026-03-02,True
622,"Respected Municipal Commissioner, Contaminated drinking water being pumped into our residential area in Ward 1. It has bad odor and muddy color. Please take prompt action.",Ward 1,Water Supply,Water Supply,2026-03-05,True
623,Ambulance parking blocked by unauthorized vendors near clinic in Ward 6. Immediate inspection requested.,Ward 6,Health,Health,2026-03-04,True
624,"Respected Municipal Commissioner, Street light near primary school has been broken for 2 months in Ward 2. Children walk in darkness during winter mornings. Repeated complaints to ward councillor have gone unheard.",Ward 2,Streetlights,Streetlights,2026-02-27,True
625,Hanging live electric wire dangerously low across the school lane in Ward 2.,Ward 2,Electrical,Electrical,2026-03-05,True
626,Kindly note that Delay in issuing trade license renewal certificate from zonal revenue office for Ward 1. Repeated complaints to ward councillor have gone unheard.,Ward 1,Revenue,Revenue,2026-03-07,True
627,"Respected Municipal Commissioner, Extremely low water pressure in Ward 7. Even motors cannot lift water to storage tanks on first floor. Citizens are suffering greatly.",Ward 7,Water Supply,Water Supply,2026-03-11,True
628,Kindly note that Speed breaker missing near school crossing in Ward 3 where vehicles overspeed dangerously. Please take prompt action.,Ward 3,Roads,Roads,2026-03-08,True
629,"Respected Municipal Commissioner, Public water tap broken near community center in Ward 10, wasting hundreds of liters daily. Citizens are suffering greatly.",Ward 10,Water Supply,Water Supply,2026-03-10,True
630,Delay in issuing trade license renewal certificate from zonal revenue office for Ward 7.,Ward 7,Revenue,Revenue,2026-03-10,True
631,"Respected Municipal Commissioner, New LED street lights flickering continuously causing glare and headache in Ward 7. Immediate inspection requested.",Ward 7,Streetlights,Streetlights,2026-03-07,True
632,Tar road completely eroded exposing sharp gravel stones in Ward 11. Repeated complaints to ward councillor have gone unheard.,Ward 11,Roads,Roads,2026-03-12,True
633,"Urgent complaint: Boundary wall of municipal school collapsed in Ward 8, stray cattle entering premises. Immediate inspection requested.",Ward 8,Education,Education,2026-03-10,True
634,"Respected Municipal Commissioner, Dry eucalyptus tree leaning towards residential roof in Ward 6, requires emergency pruning.",Ward 6,Forest,Forest,2026-03-09,True
635,Urgent complaint: Government primary school in Ward 10 lacks clean drinking water facility for students.,Ward 10,Education,Education,2026-03-07,True
636,"Respected Municipal Commissioner, Property tax assessment receipt not generated despite online payment deduction in Ward 9.",Ward 9,Revenue,Revenue,2026-03-08,True
637,"Sir, bringing to your immediate notice: Speed breaker missing near school crossing in Ward 11 where vehicles overspeed dangerously.",Ward 11,Roads,Roads,2026-03-07,True
638,Urgent complaint: Waterlogging on road after brief rain in Ward 10 due to lack of storm water gradient. Please take prompt action.,Ward 10,Roads,Roads,2026-03-12,True
639,Urgent complaint: Hanging live electric wire dangerously low across the school lane in Ward 4. Immediate inspection requested.,Ward 4,Electrical,Electrical,2026-03-10,True
640,"Sir, bringing to your immediate notice: Underground pipeline burst near main junction in Ward 12. Potable water is flooding the street for 24 hours. Immediate inspection requested.",Ward 12,Water Supply,Water Supply,2026-03-11,True
641,"Sir, bringing to your immediate notice: Power outage lasting more than 8 hours without prior notice in Ward 10. Citizens are suffering greatly.",Ward 10,Electrical,Electrical,2026-03-07,True
642,Frequent power tripping and voltage fluctuation in Ward 8 damaging household refrigerators and fans. Please take prompt action.,Ward 8,Electrical,Electrical,2026-03-06,True
643,Waterlogging on road after brief rain in Ward 1 due to lack of storm water gradient. Citizens are suffering greatly.,Ward 1,Roads,Roads,2026-03-10,True
644,Urgent complaint: Road dug up for pipeline work in Ward 3 left unpaved and open for over a month.,Ward 3,Roads,Roads,2026-03-08,True
645,Contaminated drinking water being pumped into our residential area in Ward 3. It has bad odor and muddy color. Immediate inspection requested.,Ward 3,Water Supply,Water Supply,2026-03-10,True
646,Kindly note that No ceiling fans working in class 5 classroom during summer heat in Ward 2. Immediate inspection requested.,Ward 2,Education,Education,2026-03-08,True
647,"Respected Municipal Commissioner, Public dustbins overflowing and damaged near market area in Ward 6. Need immediate clearing. Please take prompt action.",Ward 6,Sanitation,Sanitation,2026-03-08,True
648,Urgent complaint: Ambulance parking blocked by unauthorized vendors near clinic in Ward 11. Please take prompt action.,Ward 11,Health,Health,2026-03-09,True
649,"Respected Municipal Commissioner, Dry eucalyptus tree leaning towards residential roof in Ward 12, requires emergency pruning. Immediate inspection requested.",Ward 12,Forest,Forest,2026-03-10,True
650,"Respected Municipal Commissioner, Hanging live electric wire dangerously low across the school lane in Ward 7. Please take prompt action.",Ward 7,Electrical,Electrical,2026-03-08,True
651,"Sir, bringing to your immediate notice: Extremely low water pressure in Ward 12. Even motors cannot lift water to storage tanks on first floor.",Ward 12,Water Supply,Water Supply,2026-03-10,True
652,"Respected Municipal Commissioner, Electric pole tilted dangerously after storm in Ward 10, risk of collapse. Immediate inspection requested.",Ward 10,Electrical,Electrical,2026-03-08,True
653,Public dustbins overflowing and damaged near market area in Ward 8. Need immediate clearing. Please take prompt action.,Ward 8,Sanitation,Sanitation,2026-03-07,True
654,No ceiling fans working in class 5 classroom during summer heat in Ward 6. Citizens are suffering greatly.,Ward 6,Education,Education,2026-03-07,True
655,"Respected Municipal Commissioner, Property tax assessment receipt not generated despite online payment deduction in Ward 1.",Ward 1,Revenue,Revenue,2026-03-08,True
656,Government primary school in Ward 5 lacks clean drinking water facility for students.,Ward 5,Education,Education,2026-03-12,True
657,"Respected Municipal Commissioner, Anti-larval fogging not carried out in Ward 8 despite multiple reported dengue cases. Repeated complaints to ward councillor have gone unheard.",Ward 8,Health,Health,2026-03-11,True
658,Delay in issuing trade license renewal certificate from zonal revenue office for Ward 7. Repeated complaints to ward councillor have gone unheard.,Ward 7,Revenue,Revenue,2026-03-08,True
659,Deep potholes on main bus route in Ward 3 causing frequent two-wheeler accidents. Citizens are suffering greatly.,Ward 3,Roads,Roads,2026-03-09,True
660,No water supply in Ward 6 since last 3 days. The overhead tank is overflowing but no water reaching houses in lane 3. Citizens are suffering greatly.,Ward 6,Water Supply,Water Supply,2026-03-08,True
661,"Sir, bringing to your immediate notice: Frequent power tripping and voltage fluctuation in Ward 7 damaging household refrigerators and fans.",Ward 7,Electrical,Electrical,2026-03-07,True
662,"Boundary wall of municipal school collapsed in Ward 10, stray cattle entering premises. Repeated complaints to ward councillor have gone unheard.",Ward 10,Education,Education,2026-03-10,True
663,Transformer sparking intermittently during evening peak hours in Ward 10. Sparks falling near shops.,Ward 10,Electrical,Electrical,2026-03-09,True
664,"Sir, bringing to your immediate notice: Boundary wall of municipal school collapsed in Ward 4, stray cattle entering premises. Immediate inspection requested.",Ward 4,Education,Education,2026-03-07,True
665,"Respected Municipal Commissioner, Dark stretch of 500 meters along canal road in Ward 11 due to non-functional sodium lamps.",Ward 11,Streetlights,Streetlights,2026-03-08,True
666,"Kindly note that Public water tap broken near community center in Ward 7, wasting hundreds of liters daily. Please take prompt action.",Ward 7,Water Supply,Water Supply,2026-03-10,True
667,Extremely low water pressure in Ward 6. Even motors cannot lift water to storage tanks on first floor. Citizens are suffering greatly.,Ward 6,Water Supply,Water Supply,2026-03-06,True
668,"Respected Municipal Commissioner, Property tax assessment receipt not generated despite online payment deduction in Ward 4. Please take prompt action.",Ward 4,Revenue,Revenue,2026-03-06,True
669,Urgent complaint: Street light near primary school has been broken for 2 months in Ward 2. Children walk in darkness during winter mornings. Repeated complaints to ward councillor have gone unheard.,Ward 2,Streetlights,Streetlights,2026-03-09,True
670,Delay in issuing trade license renewal certificate from zonal revenue office for Ward 8. Immediate inspection requested.,Ward 8,Revenue,Revenue,2026-03-11,True
671,Urgent complaint: Anti-larval fogging not carried out in Ward 3 despite multiple reported dengue cases. Please take prompt action.,Ward 3,Health,Health,2026-03-08,True
672,Kindly note that Delay in issuing trade license renewal certificate from zonal revenue office for Ward 1. Citizens are suffering greatly.,Ward 1,Revenue,Revenue,2026-03-08,True
673,"Respected Municipal Commissioner, Deep potholes on main bus route in Ward 5 causing frequent two-wheeler accidents.",Ward 5,Roads,Roads,2026-03-10,True
674,Kindly note that Sanitation workers have not swept the residential colony in Ward 11 for over two weeks. Immediate inspection requested.,Ward 11,Sanitation,Sanitation,2026-03-08,True
675,"Sir, bringing to your immediate notice: Waterlogging on road after brief rain in Ward 9 due to lack of storm water gradient. Repeated complaints to ward councillor have gone unheard.",Ward 9,Roads,Roads,2026-03-06,True
676,"Sir, bringing to your immediate notice: Dry eucalyptus tree leaning towards residential roof in Ward 11, requires emergency pruning. Please take prompt action.",Ward 11,Forest,Forest,2026-03-12,True
677,Delay in issuing trade license renewal certificate from zonal revenue office for Ward 5. Immediate inspection requested.,Ward 5,Revenue,Revenue,2026-03-06,True
678,Overgrown tree branches touching high-tension power lines near house number 45 in Ward 10. Repeated complaints to ward councillor have gone unheard.,Ward 10,Forest,Forest,2026-03-11,True
679,"Respected Municipal Commissioner, Transformer sparking intermittently during evening peak hours in Ward 3. Sparks falling near shops.",Ward 3,Electrical,Electrical,2026-03-07,True
680,"Respected Municipal Commissioner, Anti-larval fogging not carried out in Ward 2 despite multiple reported dengue cases. Please take prompt action.",Ward 2,Health,Health,2026-03-11,True
681,Street light near primary school has been broken for 2 months in Ward 6. Children walk in darkness during winter mornings. Repeated complaints to ward councillor have gone unheard.,Ward 6,Streetlights,Streetlights,2026-03-11,True
682,"Urgent complaint: Dry eucalyptus tree leaning towards residential roof in Ward 7, requires emergency pruning. Immediate inspection requested.",Ward 7,Forest,Forest,2026-03-10,True
683,Delay in issuing trade license renewal certificate from zonal revenue office for Ward 1. Repeated complaints to ward councillor have gone unheard.,Ward 1,Revenue,Revenue,2026-03-12,True
684,"Sir, bringing to your immediate notice: Electric pole tilted dangerously after storm in Ward 3, risk of collapse.",Ward 3,Electrical,Electrical,2026-03-10,True
685,Urgent complaint: Garbage not collected for 1 week in Ward 10. Smell is unbearable and stray animals are scattering waste everywhere. Immediate inspection requested.,Ward 10,Sanitation,Sanitation,2026-03-12,True
686,"Kindly note that Boundary wall of municipal school collapsed in Ward 7, stray cattle entering premises. Immediate inspection requested.",Ward 7,Education,Education,2026-03-08,True
687,Kindly note that Delay in issuing trade license renewal certificate from zonal revenue office for Ward 1. Please take prompt action.,Ward 1,Revenue,Revenue,2026-03-07,True
688,"Respected Municipal Commissioner, Anti-larval fogging not carried out in Ward 1 despite multiple reported dengue cases.",Ward 1,Health,Health,2026-03-09,True
689,Urgent complaint: Property tax assessment receipt not generated despite online payment deduction in Ward 5. Citizens are suffering greatly.,Ward 5,Revenue,Revenue,2026-03-08,True
690,New LED street lights flickering continuously causing glare and headache in Ward 5. Please take prompt action.,Ward 5,Streetlights,Streetlights,2026-03-12,True
691,Urgent complaint: Power outage lasting more than 8 hours without prior notice in Ward 5. Citizens are suffering greatly.,Ward 5,Electrical,Electrical,2026-03-11,True
692,"Respected Municipal Commissioner, Primary health center in Ward 10 has severe shortage of essential fever medicines and ORS packets. Repeated complaints to ward councillor have gone unheard.",Ward 10,Health,Health,2026-03-11,True
693,"Sir, bringing to your immediate notice: Waterlogging on road after brief rain in Ward 7 due to lack of storm water gradient. Citizens are suffering greatly.",Ward 7,Roads,Roads,2026-03-11,True
694,Contaminated drinking water being pumped into our residential area in Ward 9. It has bad odor and muddy color. Citizens are suffering greatly.,Ward 9,Water Supply,Water Supply,2026-03-12,True
695,"Respected Municipal Commissioner, Overgrown tree branches touching high-tension power lines near house number 45 in Ward 7. Please take prompt action.",Ward 7,Forest,Forest,2026-03-07,True
696,Kindly note that Deep potholes on main bus route in Ward 1 causing frequent two-wheeler accidents.,Ward 1,Roads,Roads,2026-03-07,True
697,"Urgent complaint: Boundary wall of municipal school collapsed in Ward 12, stray cattle entering premises. Repeated complaints to ward councillor have gone unheard.",Ward 12,Education,Education,2026-03-07,True
698,Overgrown tree branches touching high-tension power lines near house number 45 in Ward 7. Please take prompt action.,Ward 7,Forest,Forest,2026-03-11,True
699,"Respected Municipal Commissioner, Boundary wall of municipal school collapsed in Ward 8, stray cattle entering premises. Repeated complaints to ward councillor have gone unheard.",Ward 8,Education,Education,2026-03-10,True
700,Urgent complaint: Overgrown tree branches touching high-tension power lines near house number 45 in Ward 6.,Ward 6,Forest,Forest,2026-03-08,True
701,"Respected Municipal Commissioner, Street light near primary school has been broken for 2 months in Ward 1. Children walk in darkness during winter mornings. Immediate inspection requested.",Ward 1,Streetlights,Streetlights,2026-03-09,True
702,"Respected Municipal Commissioner, Road dug up for pipeline work in Ward 4 left unpaved and open for over a month. Citizens are suffering greatly.",Ward 4,Roads,Roads,2026-03-11,True
703,Ambulance parking blocked by unauthorized vendors near clinic in Ward 9. Repeated complaints to ward councillor have gone unheard.,Ward 9,Health,Health,2026-03-06,True
704,"Electric pole tilted dangerously after storm in Ward 11, risk of collapse. Please take prompt action.",Ward 11,Electrical,Electrical,2026-03-07,True
705,Urgent complaint: Dark stretch of 500 meters along canal road in Ward 10 due to non-functional sodium lamps. Repeated complaints to ward councillor have gone unheard.,Ward 10,Streetlights,Streetlights,2026-03-12,True
706,"Respected Municipal Commissioner, Anti-larval fogging not carried out in Ward 6 despite multiple reported dengue cases. Repeated complaints to ward councillor have gone unheard.",Ward 6,Health,Health,2026-03-09,True
707,Kindly note that Underground cable fault knocked out entire street lighting grid in Ward 11. Immediate inspection requested.,Ward 11,Streetlights,Streetlights,2026-03-10,True
708,"Sir, bringing to your immediate notice: Public dustbins overflowing and damaged near market area in Ward 1. Need immediate clearing. Immediate inspection requested.",Ward 1,Sanitation,Sanitation,2026-03-10,True
709,Kindly note that Street light near primary school has been broken for 2 months in Ward 5. Children walk in darkness during winter mornings.,Ward 5,Streetlights,Streetlights,2026-03-11,True
710,"Urgent complaint: Boundary wall of municipal school collapsed in Ward 5, stray cattle entering premises. Citizens are suffering greatly.",Ward 5,Education,Education,2026-03-11,True
711,"Respected Municipal Commissioner, Underground cable fault knocked out entire street lighting grid in Ward 4.",Ward 4,Streetlights,Streetlights,2026-03-07,True
712,"Respected Municipal Commissioner, Ambulance parking blocked by unauthorized vendors near clinic in Ward 11.",Ward 11,Health,Health,2026-03-08,True
713,Kindly note that Delay in issuing trade license renewal certificate from zonal revenue office for Ward 5. Repeated complaints to ward councillor have gone unheard.,Ward 5,Revenue,Revenue,2026-03-08,True
714,"Respected Municipal Commissioner, Public water tap broken near community center in Ward 10, wasting hundreds of liters daily. Citizens are suffering greatly.",Ward 10,Water Supply,Water Supply,2026-03-11,True
715,Urgent complaint: Waterlogging on road after brief rain in Ward 11 due to lack of storm water gradient. Immediate inspection requested.,Ward 11,Roads,Roads,2026-03-10,True
716,"Respected Municipal Commissioner, Underground cable fault knocked out entire street lighting grid in Ward 3. Citizens are suffering greatly.",Ward 3,Streetlights,Streetlights,2026-03-12,True
717,"Sir, bringing to your immediate notice: Public dustbins overflowing and damaged near market area in Ward 8. Need immediate clearing. Please take prompt action.",Ward 8,Sanitation,Sanitation,2026-03-07,True
718,Urgent complaint: Government primary school in Ward 11 lacks clean drinking water facility for students. Please take prompt action.,Ward 11,Education,Education,2026-03-06,True
719,Urgent complaint: Dark stretch of 500 meters along canal road in Ward 7 due to non-functional sodium lamps. Citizens are suffering greatly.,Ward 7,Streetlights,Streetlights,2026-03-12,True
720,Kindly note that Street light near primary school has been broken for 2 months in Ward 8. Children walk in darkness during winter mornings.,Ward 8,Streetlights,Streetlights,2026-03-12,True
721,Sanitation workers have not swept the residential colony in Ward 8 for over two weeks. Repeated complaints to ward councillor have gone unheard.,Ward 8,Sanitation,Sanitation,2026-03-07,True
722,"Respected Municipal Commissioner, Overgrown tree branches touching high-tension power lines near house number 45 in Ward 5. Please take prompt action.",Ward 5,Forest,Forest,2026-03-09,True
723,Kindly note that Tar road completely eroded exposing sharp gravel stones in Ward 6. Please take prompt action.,Ward 6,Roads,Roads,2026-03-09,True
724,Kindly note that Government primary school in Ward 12 lacks clean drinking water facility for students. Citizens are suffering greatly.,Ward 12,Education,Education,2026-03-07,True
725,Frequent power tripping and voltage fluctuation in Ward 6 damaging household refrigerators and fans. Repeated complaints to ward councillor have gone unheard.,Ward 6,Electrical,Electrical,2026-03-11,True
726,"Sir, bringing to your immediate notice: All streetlights on lane 4 in Ward 4 stay on during daytime and switch off at night. Please take prompt action.",Ward 4,Streetlights,Streetlights,2026-03-12,True
727,Kindly note that Delay in issuing trade license renewal certificate from zonal revenue office for Ward 2. Repeated complaints to ward councillor have gone unheard.,Ward 2,Revenue,Revenue,2026-03-07,True
728,Primary health center in Ward 8 has severe shortage of essential fever medicines and ORS packets. Immediate inspection requested.,Ward 8,Health,Health,2026-03-09,True
729,Urgent complaint: Deep potholes on main bus route in Ward 12 causing frequent two-wheeler accidents. Immediate inspection requested.,Ward 12,Roads,Roads,2026-03-08,True
730,"Respected Municipal Commissioner, Deep potholes on main bus route in Ward 1 causing frequent two-wheeler accidents. Please take prompt action.",Ward 1,Roads,Roads,2026-03-11,True
731,Kindly note that Government primary school in Ward 5 lacks clean drinking water facility for students. Immediate inspection requested.,Ward 5,Education,Education,2026-03-07,True
732,Urgent complaint: Street light near primary school has been broken for 2 months in Ward 3. Children walk in darkness during winter mornings. Citizens are suffering greatly.,Ward 3,Streetlights,Streetlights,2026-03-06,True
733,Kindly note that Delay in issuing trade license renewal certificate from zonal revenue office for Ward 12. Please take prompt action.,Ward 12,Revenue,Revenue,2026-03-10,True
734,"Respected Municipal Commissioner, Government primary school in Ward 8 lacks clean drinking water facility for students. Repeated complaints to ward councillor have gone unheard.",Ward 8,Education,Education,2026-03-08,True
735,"Respected Municipal Commissioner, Contaminated drinking water being pumped into our residential area in Ward 4. It has bad odor and muddy color.",Ward 4,Water Supply,Water Supply,2026-03-07,True
736,"Dry eucalyptus tree leaning towards residential roof in Ward 3, requires emergency pruning. Repeated complaints to ward councillor have gone unheard.",Ward 3,Forest,Forest,2026-03-06,True
737,"Sir, bringing to your immediate notice: Street light near primary school has been broken for 2 months in Ward 9. Children walk in darkness during winter mornings.",Ward 9,Streetlights,Streetlights,2026-03-10,True
738,Garbage not collected for 1 week in Ward 11. Smell is unbearable and stray animals are scattering waste everywhere.,Ward 11,Sanitation,Sanitation,2026-03-12,True
739,"Sir, bringing to your immediate notice: Primary health center in Ward 8 has severe shortage of essential fever medicines and ORS packets. Citizens are suffering greatly.",Ward 8,Health,Health,2026-03-09,True
740,Property tax assessment receipt not generated despite online payment deduction in Ward 12. Citizens are suffering greatly.,Ward 12,Revenue,Revenue,2026-03-07,True
741,"Sir, bringing to your immediate notice: Ambulance parking blocked by unauthorized vendors near clinic in Ward 11. Citizens are suffering greatly.",Ward 11,Health,Health,2026-03-06,True
742,"Sir, bringing to your immediate notice: Frequent power tripping and voltage fluctuation in Ward 7 damaging household refrigerators and fans. Immediate inspection requested.",Ward 7,Electrical,Electrical,2026-03-12,True
743,Kindly note that Garbage not collected for 1 week in Ward 5. Smell is unbearable and stray animals are scattering waste everywhere. Please take prompt action.,Ward 5,Sanitation,Sanitation,2026-03-06,True
744,"Respected Municipal Commissioner, Tar road completely eroded exposing sharp gravel stones in Ward 5. Citizens are suffering greatly.",Ward 5,Roads,Roads,2026-03-12,True
745,"Sir, bringing to your immediate notice: Primary health center in Ward 5 has severe shortage of essential fever medicines and ORS packets. Repeated complaints to ward councillor have gone unheard.",Ward 5,Health,Health,2026-03-07,True
746,"Respected Municipal Commissioner, Speed breaker missing near school crossing in Ward 12 where vehicles overspeed dangerously.",Ward 12,Roads,Roads,2026-03-09,True
747,"Sir, bringing to your immediate notice: No water supply in Ward 11 since last 3 days. The overhead tank is overflowing but no water reaching houses in lane 3. Repeated complaints to ward councillor have gone unheard.",Ward 11,Water Supply,Water Supply,2026-03-06,True
748,"Electric pole tilted dangerously after storm in Ward 2, risk of collapse.",Ward 2,Electrical,Electrical,2026-03-12,True
749,Urgent complaint: New LED street lights flickering continuously causing glare and headache in Ward 11. Citizens are suffering greatly.,Ward 11,Streetlights,Streetlights,2026-03-07,True
750,Property tax assessment receipt not generated despite online payment deduction in Ward 1. Citizens are suffering greatly.,Ward 1,Revenue,Revenue,2026-03-06,True
751,"Boundary wall of municipal school collapsed in Ward 11, stray cattle entering premises.",Ward 11,Education,Education,2026-03-15,True
752,"Respected Municipal Commissioner, Contaminated drinking water being pumped into our residential area in Ward 1. It has bad odor and muddy color. Citizens are suffering greatly.",Ward 1,Water Supply,Water Supply,2026-03-19,True
753,"Boundary wall of municipal school collapsed in Ward 8, stray cattle entering premises. Citizens are suffering greatly.",Ward 8,Education,Education,2026-03-17,True
754,"Kindly note that Boundary wall of municipal school collapsed in Ward 3, stray cattle entering premises. Repeated complaints to ward councillor have gone unheard.",Ward 3,Education,Education,2026-03-13,True
755,Kindly note that New LED street lights flickering continuously causing glare and headache in Ward 7. Please take prompt action.,Ward 7,Streetlights,Streetlights,2026-03-18,True
756,"Respected Municipal Commissioner, Garbage not collected for 1 week in Ward 3. Smell is unbearable and stray animals are scattering waste everywhere.",Ward 3,Sanitation,Sanitation,2026-03-18,True
757,Kindly note that Ambulance parking blocked by unauthorized vendors near clinic in Ward 10. Please take prompt action.,Ward 10,Health,Health,2026-03-16,True
758,"Respected Municipal Commissioner, Primary health center in Ward 6 has severe shortage of essential fever medicines and ORS packets. Repeated complaints to ward councillor have gone unheard.",Ward 6,Health,Health,2026-03-17,True
759,Delay in issuing trade license renewal certificate from zonal revenue office for Ward 2.,Ward 2,Revenue,Revenue,2026-03-16,True
760,"Sir, bringing to your immediate notice: Street light near primary school has been broken for 2 months in Ward 11. Children walk in darkness during winter mornings. Immediate inspection requested.",Ward 11,Streetlights,Streetlights,2026-03-15,True
761,"Sir, bringing to your immediate notice: Speed breaker missing near school crossing in Ward 11 where vehicles overspeed dangerously. Immediate inspection requested.",Ward 11,Roads,Roads,2026-03-19,True
762,Kindly note that Open sewage drain overflowing across the walking street in Ward 7. Mosquito breeding hazard. Citizens are suffering greatly.,Ward 7,Sanitation,Sanitation,2026-03-18,True
763,"Sir, bringing to your immediate notice: Ambulance parking blocked by unauthorized vendors near clinic in Ward 3.",Ward 3,Health,Health,2026-03-19,True
764,"Kindly note that Public water tap broken near community center in Ward 11, wasting hundreds of liters daily. Repeated complaints to ward councillor have gone unheard.",Ward 11,Water Supply,Water Supply,2026-03-14,True
765,Urgent complaint: Power outage lasting more than 8 hours without prior notice in Ward 2. Please take prompt action.,Ward 2,Electrical,Electrical,2026-03-19,True
766,"Respected Municipal Commissioner, No ceiling fans working in class 5 classroom during summer heat in Ward 5. Immediate inspection requested.",Ward 5,Education,Education,2026-03-13,True
767,Primary health center in Ward 7 has severe shortage of essential fever medicines and ORS packets. Repeated complaints to ward councillor have gone unheard.,Ward 7,Health,Health,2026-03-19,True
768,Kindly note that Property tax assessment receipt not generated despite online payment deduction in Ward 10. Repeated complaints to ward councillor have gone unheard.,Ward 10,Revenue,Revenue,2026-03-16,True
769,No ceiling fans working in class 5 classroom during summer heat in Ward 2.,Ward 2,Education,Education,2026-03-16,True
770,"Sir, bringing to your immediate notice: Ambulance parking blocked by unauthorized vendors near clinic in Ward 7.",Ward 7,Health,Health,2026-03-13,True
771,"Sir, bringing to your immediate notice: Public dustbins overflowing and damaged near market area in Ward 10. Need immediate clearing. Immediate inspection requested.",Ward 10,Sanitation,Sanitation,2026-03-17,True
772,Urgent complaint: Waterlogging on road after brief rain in Ward 11 due to lack of storm water gradient. Citizens are suffering greatly.,Ward 11,Roads,Roads,2026-03-18,True
773,Urgent complaint: Extremely low water pressure in Ward 4. Even motors cannot lift water to storage tanks on first floor. Immediate inspection requested.,Ward 4,Water Supply,Water Supply,2026-03-19,True
774,Kindly note that Delay in issuing trade license renewal certificate from zonal revenue office for Ward 12.,Ward 12,Revenue,Revenue,2026-03-18,True
775,Urgent complaint: Garbage not collected for 1 week in Ward 11. Smell is unbearable and stray animals are scattering waste everywhere. Citizens are suffering greatly.,Ward 11,Sanitation,Sanitation,2026-03-14,True
776,Dark stretch of 500 meters along canal road in Ward 9 due to non-functional sodium lamps.,Ward 9,Streetlights,Streetlights,2026-03-17,True
777,Power outage lasting more than 8 hours without prior notice in Ward 8. Citizens are suffering greatly.,Ward 8,Electrical,Electrical,2026-03-14,True
778,"Respected Municipal Commissioner, Waterlogging on road after brief rain in Ward 4 due to lack of storm water gradient. Repeated complaints to ward councillor have gone unheard.",Ward 4,Roads,Roads,2026-03-13,True
779,Kindly note that Deep potholes on main bus route in Ward 12 causing frequent two-wheeler accidents.,Ward 12,Roads,Roads,2026-03-15,True
780,"Sir, bringing to your immediate notice: Sanitation workers have not swept the residential colony in Ward 8 for over two weeks. Please take prompt action.",Ward 8,Sanitation,Sanitation,2026-03-16,True
781,"Sir, bringing to your immediate notice: Property tax assessment receipt not generated despite online payment deduction in Ward 1. Repeated complaints to ward councillor have gone unheard.",Ward 1,Revenue,Revenue,2026-03-17,True
782,"Sir, bringing to your immediate notice: Property tax assessment receipt not generated despite online payment deduction in Ward 9. Please take prompt action.",Ward 9,Revenue,Revenue,2026-03-19,True
783,"Sir, bringing to your immediate notice: Electric pole tilted dangerously after storm in Ward 2, risk of collapse. Citizens are suffering greatly.",Ward 2,Electrical,Electrical,2026-03-16,True
784,Urgent complaint: Overgrown tree branches touching high-tension power lines near house number 45 in Ward 7. Repeated complaints to ward councillor have gone unheard.,Ward 7,Forest,Forest,2026-03-16,True
785,"Respected Municipal Commissioner, Government primary school in Ward 5 lacks clean drinking water facility for students. Repeated complaints to ward councillor have gone unheard.",Ward 5,Education,Education,2026-03-16,True
786,"Sir, bringing to your immediate notice: Dry eucalyptus tree leaning towards residential roof in Ward 5, requires emergency pruning. Please take prompt action.",Ward 5,Forest,Forest,2026-03-19,True
787,Urgent complaint: Speed breaker missing near school crossing in Ward 4 where vehicles overspeed dangerously. Please take prompt action.,Ward 4,Roads,Roads,2026-03-17,True
788,Hanging live electric wire dangerously low across the school lane in Ward 9. Citizens are suffering greatly.,Ward 9,Electrical,Electrical,2026-03-17,True
789,"Sir, bringing to your immediate notice: Dry eucalyptus tree leaning towards residential roof in Ward 8, requires emergency pruning. Citizens are suffering greatly.",Ward 8,Forest,Forest,2026-03-17,True
790,Primary health center in Ward 1 has severe shortage of essential fever medicines and ORS packets. Repeated complaints to ward councillor have gone unheard.,Ward 1,Health,Health,2026-03-17,True
791,"Respected Municipal Commissioner, Frequent power tripping and voltage fluctuation in Ward 1 damaging household refrigerators and fans. Citizens are suffering greatly.",Ward 1,Electrical,Electrical,2026-03-18,True
792,"Respected Municipal Commissioner, Hanging live electric wire dangerously low across the school lane in Ward 5.",Ward 5,Electrical,Electrical,2026-03-18,True
793,Underground cable fault knocked out entire street lighting grid in Ward 4. Citizens are suffering greatly.,Ward 4,Streetlights,Streetlights,2026-03-19,True
794,"Sir, bringing to your immediate notice: Property tax assessment receipt not generated despite online payment deduction in Ward 2. Repeated complaints to ward councillor have gone unheard.",Ward 2,Revenue,Revenue,2026-03-17,True
795,Speed breaker missing near school crossing in Ward 9 where vehicles overspeed dangerously. Repeated complaints to ward councillor have gone unheard.,Ward 9,Roads,Roads,2026-03-19,True
796,Urgent complaint: Ambulance parking blocked by unauthorized vendors near clinic in Ward 7. Immediate inspection requested.,Ward 7,Health,Health,2026-03-19,True
797,"Respected Municipal Commissioner, Underground pipeline burst near main junction in Ward 1. Potable water is flooding the street for 24 hours. Immediate inspection requested.",Ward 1,Water Supply,Water Supply,2026-03-18,True
798,"Sir, bringing to your immediate notice: Delay in issuing trade license renewal certificate from zonal revenue office for Ward 4. Immediate inspection requested.",Ward 4,Revenue,Revenue,2026-03-18,True
799,Kindly note that Speed breaker missing near school crossing in Ward 12 where vehicles overspeed dangerously. Please take prompt action.,Ward 12,Roads,Roads,2026-03-14,True
800,Sanitation workers have not swept the residential colony in Ward 3 for over two weeks. Repeated complaints to ward councillor have gone unheard.,Ward 3,Sanitation,Sanitation,2026-03-14,True
801,"Urgent complaint: Public water tap broken near community center in Ward 7, wasting hundreds of liters daily. Please take prompt action.",Ward 7,Water Supply,Water Supply,2026-03-15,True
802,Hanging live electric wire dangerously low across the school lane in Ward 10. Citizens are suffering greatly.,Ward 10,Electrical,Electrical,2026-03-19,True
803,"Respected Municipal Commissioner, Property tax assessment receipt not generated despite online payment deduction in Ward 12. Citizens are suffering greatly.",Ward 12,Revenue,Revenue,2026-03-14,True
804,Kindly note that Underground pipeline burst near main junction in Ward 11. Potable water is flooding the street for 24 hours. Immediate inspection requested.,Ward 11,Water Supply,Water Supply,2026-03-17,True
805,"Sir, bringing to your immediate notice: Dry eucalyptus tree leaning towards residential roof in Ward 6, requires emergency pruning. Please take prompt action.",Ward 6,Forest,Forest,2026-03-13,True
806,"Respected Municipal Commissioner, Electric pole tilted dangerously after storm in Ward 9, risk of collapse. Repeated complaints to ward councillor have gone unheard.",Ward 9,Electrical,Electrical,2026-03-13,True
807,Urgent complaint: Overgrown tree branches touching high-tension power lines near house number 45 in Ward 9. Please take prompt action.,Ward 9,Forest,Forest,2026-03-16,True
808,Urgent complaint: Speed breaker missing near school crossing in Ward 11 where vehicles overspeed dangerously. Citizens are suffering greatly.,Ward 11,Roads,Roads,2026-03-15,True
809,"Sir, bringing to your immediate notice: Waterlogging on road after brief rain in Ward 10 due to lack of storm water gradient.",Ward 10,Roads,Roads,2026-03-17,True
810,"Respected Municipal Commissioner, Dead animal lying on roadside in Ward 11 causing severe foul smell and health hazard. Immediate inspection requested.",Ward 11,Sanitation,Sanitation,2026-03-15,True
811,Kindly note that Speed breaker missing near school crossing in Ward 1 where vehicles overspeed dangerously.,Ward 1,Roads,Roads,2026-03-18,True
812,Urgent complaint: Ambulance parking blocked by unauthorized vendors near clinic in Ward 5.,Ward 5,Health,Health,2026-03-17,True
813,"Kindly note that Dry eucalyptus tree leaning towards residential roof in Ward 6, requires emergency pruning.",Ward 6,Forest,Forest,2026-03-17,True
814,"Sir, bringing to your immediate notice: Dark stretch of 500 meters along canal road in Ward 11 due to non-functional sodium lamps.",Ward 11,Streetlights,Streetlights,2026-03-14,True
815,"Sir, bringing to your immediate notice: Sanitation workers have not swept the residential colony in Ward 3 for over two weeks.",Ward 3,Sanitation,Sanitation,2026-03-19,True
816,Kindly note that Open sewage drain overflowing across the walking street in Ward 4. Mosquito breeding hazard.,Ward 4,Sanitation,Sanitation,2026-03-18,True
817,Waterlogging on road after brief rain in Ward 9 due to lack of storm water gradient. Please take prompt action.,Ward 9,Roads,Roads,2026-03-19,True
818,Underground pipeline burst near main junction in Ward 8. Potable water is flooding the street for 24 hours.,Ward 8,Water Supply,Water Supply,2026-03-18,True
819,"Sir, bringing to your immediate notice: Public dustbins overflowing and damaged near market area in Ward 1. Need immediate clearing.",Ward 1,Sanitation,Sanitation,2026-03-14,True
820,Kindly note that Waterlogging on road after brief rain in Ward 5 due to lack of storm water gradient. Repeated complaints to ward councillor have gone unheard.,Ward 5,Roads,Roads,2026-03-16,True
821,Anti-larval fogging not carried out in Ward 6 despite multiple reported dengue cases. Immediate inspection requested.,Ward 6,Health,Health,2026-03-13,True
822,"Public water tap broken near community center in Ward 11, wasting hundreds of liters daily. Immediate inspection requested.",Ward 11,Water Supply,Water Supply,2026-03-18,True
823,Urgent complaint: No water supply in Ward 12 since last 3 days. The overhead tank is overflowing but no water reaching houses in lane 3. Immediate inspection requested.,Ward 12,Water Supply,Water Supply,2026-03-19,True
824,"Sir, bringing to your immediate notice: Public dustbins overflowing and damaged near market area in Ward 5. Need immediate clearing.",Ward 5,Sanitation,Sanitation,2026-03-19,True
825,New LED street lights flickering continuously causing glare and headache in Ward 8. Repeated complaints to ward councillor have gone unheard.,Ward 8,Streetlights,Streetlights,2026-03-16,True
826,Kindly note that Transformer sparking intermittently during evening peak hours in Ward 9. Sparks falling near shops. Immediate inspection requested.,Ward 9,Electrical,Electrical,2026-03-14,True
827,Urgent complaint: Dark stretch of 500 meters along canal road in Ward 11 due to non-functional sodium lamps.,Ward 11,Streetlights,Streetlights,2026-03-14,True
828,Overgrown tree branches touching high-tension power lines near house number 45 in Ward 9.,Ward 9,Forest,Forest,2026-03-14,True
829,Urgent complaint: Primary health center in Ward 9 has severe shortage of essential fever medicines and ORS packets. Please take prompt action.,Ward 9,Health,Health,2026-03-17,True
830,"Sir, bringing to your immediate notice: No ceiling fans working in class 5 classroom during summer heat in Ward 4. Please take prompt action.",Ward 4,Education,Education,2026-03-16,True
831,"Urgent complaint: Electric pole tilted dangerously after storm in Ward 3, risk of collapse. Please take prompt action.",Ward 3,Electrical,Electrical,2026-03-14,True
832,Sanitation workers have not swept the residential colony in Ward 3 for over two weeks. Immediate inspection requested.,Ward 3,Sanitation,Sanitation,2026-03-18,True
833,Urgent complaint: Property tax assessment receipt not generated despite online payment deduction in Ward 11.,Ward 11,Revenue,Revenue,2026-03-17,True
834,Kindly note that Underground cable fault knocked out entire street lighting grid in Ward 2. Citizens are suffering greatly.,Ward 2,Streetlights,Streetlights,2026-03-14,True
835,"Respected Municipal Commissioner, No ceiling fans working in class 5 classroom during summer heat in Ward 3.",Ward 3,Education,Education,2026-03-18,True
836,Urgent complaint: All streetlights on lane 4 in Ward 10 stay on during daytime and switch off at night. Repeated complaints to ward councillor have gone unheard.,Ward 10,Streetlights,Streetlights,2026-03-13,True
837,"Sir, bringing to your immediate notice: Delay in issuing trade license renewal certificate from zonal revenue office for Ward 6. Please take prompt action.",Ward 6,Revenue,Revenue,2026-03-17,True
838,Government primary school in Ward 6 lacks clean drinking water facility for students. Citizens are suffering greatly.,Ward 6,Education,Education,2026-03-16,True
839,Urgent complaint: Waterlogging on road after brief rain in Ward 4 due to lack of storm water gradient. Citizens are suffering greatly.,Ward 4,Roads,Roads,2026-03-18,True
840,Kindly note that Hanging live electric wire dangerously low across the school lane in Ward 11. Repeated complaints to ward councillor have gone unheard.,Ward 11,Electrical,Electrical,2026-03-18,True
841,Kindly note that Delay in issuing trade license renewal certificate from zonal revenue office for Ward 6. Immediate inspection requested.,Ward 6,Revenue,Revenue,2026-03-19,True
842,Sanitation workers have not swept the residential colony in Ward 3 for over two weeks. Citizens are suffering greatly.,Ward 3,Sanitation,Sanitation,2026-03-18,True
843,Hanging live electric wire dangerously low across the school lane in Ward 9.,Ward 9,Electrical,Electrical,2026-03-14,True
844,"Sir, bringing to your immediate notice: No water supply in Ward 9 since last 3 days. The overhead tank is overflowing but no water reaching houses in lane 3. Immediate inspection requested.",Ward 9,Water Supply,Water Supply,2026-03-18,True
845,"Sir, bringing to your immediate notice: Primary health center in Ward 10 has severe shortage of essential fever medicines and ORS packets. Citizens are suffering greatly.",Ward 10,Health,Health,2026-03-14,True
846,Urgent complaint: Overgrown tree branches touching high-tension power lines near house number 45 in Ward 9. Repeated complaints to ward councillor have gone unheard.,Ward 9,Forest,Forest,2026-03-16,True
847,"Respected Municipal Commissioner, Speed breaker missing near school crossing in Ward 10 where vehicles overspeed dangerously. Repeated complaints to ward councillor have gone unheard.",Ward 10,Roads,Roads,2026-03-18,True
848,"Urgent complaint: Dry eucalyptus tree leaning towards residential roof in Ward 9, requires emergency pruning. Immediate inspection requested.",Ward 9,Forest,Forest,2026-03-13,True
849,"Respected Municipal Commissioner, Public water tap broken near community center in Ward 11, wasting hundreds of liters daily. Immediate inspection requested.",Ward 11,Water Supply,Water Supply,2026-03-14,True
850,"Sir, bringing to your immediate notice: Transformer sparking intermittently during evening peak hours in Ward 8. Sparks falling near shops. Immediate inspection requested.",Ward 8,Electrical,Electrical,2026-03-14,True
851,Urgent complaint: Power outage lasting more than 8 hours without prior notice in Ward 12.,Ward 12,Electrical,Electrical,2026-03-18,True
852,Urgent complaint: Deep potholes on main bus route in Ward 8 causing frequent two-wheeler accidents. Citizens are suffering greatly.,Ward 8,Roads,Roads,2026-03-14,True
853,"Sir, bringing to your immediate notice: Road dug up for pipeline work in Ward 1 left unpaved and open for over a month. Citizens are suffering greatly.",Ward 1,Roads,Roads,2026-03-18,True
854,Primary health center in Ward 8 has severe shortage of essential fever medicines and ORS packets. Citizens are suffering greatly.,Ward 8,Health,Health,2026-03-16,True
855,Urgent complaint: Public dustbins overflowing and damaged near market area in Ward 12. Need immediate clearing. Immediate inspection requested.,Ward 12,Sanitation,Sanitation,2026-03-17,True
856,"Kindly note that Dry eucalyptus tree leaning towards residential roof in Ward 10, requires emergency pruning. Citizens are suffering greatly.",Ward 10,Forest,Forest,2026-03-14,True
857,"Respected Municipal Commissioner, Dead animal lying on roadside in Ward 9 causing severe foul smell and health hazard. Immediate inspection requested.",Ward 9,Sanitation,Sanitation,2026-03-15,True
858,Kindly note that Anti-larval fogging not carried out in Ward 6 despite multiple reported dengue cases. Repeated complaints to ward councillor have gone unheard.,Ward 6,Health,Health,2026-03-19,True
859,"Respected Municipal Commissioner, Extremely low water pressure in Ward 9. Even motors cannot lift water to storage tanks on first floor. Please take prompt action.",Ward 9,Water Supply,Water Supply,2026-03-14,True
860,"Respected Municipal Commissioner, Public dustbins overflowing and damaged near market area in Ward 9. Need immediate clearing. Please take prompt action.",Ward 9,Sanitation,Sanitation,2026-03-18,True
861,Urgent complaint: Contaminated drinking water being pumped into our residential area in Ward 4. It has bad odor and muddy color. Immediate inspection requested.,Ward 4,Water Supply,Water Supply,2026-03-14,True
862,"Respected Municipal Commissioner, No water supply in Ward 4 since last 3 days. The overhead tank is overflowing but no water reaching houses in lane 3. Repeated complaints to ward councillor have gone unheard.",Ward 4,Water Supply,Water Supply,2026-03-18,True
863,Underground pipeline burst near main junction in Ward 4. Potable water is flooding the street for 24 hours. Repeated complaints to ward councillor have gone unheard.,Ward 4,Water Supply,Water Supply,2026-03-19,True
864,Kindly note that Extremely low water pressure in Ward 4. Even motors cannot lift water to storage tanks on first floor. Please take prompt action.,Ward 4,Water Supply,Water Supply,2026-03-18,True
865,Kindly note that Contaminated drinking water being pumped into our residential area in Ward 4. It has bad odor and muddy color.,Ward 4,Water Supply,Water Supply,2026-03-17,True
866,"Respected Municipal Commissioner, No water supply in Ward 4 since last 3 days. The overhead tank is overflowing but no water reaching houses in lane 3. Immediate inspection requested.",Ward 4,Water Supply,Water Supply,2026-03-14,True
867,"Respected Municipal Commissioner, Contaminated drinking water being pumped into our residential area in Ward 4. It has bad odor and muddy color. Immediate inspection requested.",Ward 4,Water Supply,Water Supply,2026-03-17,True
868,"Respected Municipal Commissioner, Public water tap broken near community center in Ward 4, wasting hundreds of liters daily.",Ward 4,Water Supply,Water Supply,2026-03-13,True
869,"Respected Municipal Commissioner, Underground pipeline burst near main junction in Ward 4. Potable water is flooding the street for 24 hours. Immediate inspection requested.",Ward 4,Water Supply,Water Supply,2026-03-14,True
870,"Sir, bringing to your immediate notice: Public water tap broken near community center in Ward 4, wasting hundreds of liters daily.",Ward 4,Water Supply,Water Supply,2026-03-16,True
871,Underground pipeline burst near main junction in Ward 4. Potable water is flooding the street for 24 hours. Please take prompt action.,Ward 4,Water Supply,Water Supply,2026-03-18,True
872,"Kindly note that Public water tap broken near community center in Ward 4, wasting hundreds of liters daily. Repeated complaints to ward councillor have gone unheard.",Ward 4,Water Supply,Water Supply,2026-03-16,True
873,Kindly note that Contaminated drinking water being pumped into our residential area in Ward 4. It has bad odor and muddy color. Immediate inspection requested.,Ward 4,Water Supply,Water Supply,2026-03-14,True
874,"Respected Municipal Commissioner, Public water tap broken near community center in Ward 4, wasting hundreds of liters daily. Immediate inspection requested.",Ward 4,Water Supply,Water Supply,2026-03-14,True
875,"Urgent complaint: Public water tap broken near community center in Ward 4, wasting hundreds of liters daily. Please take prompt action.",Ward 4,Water Supply,Water Supply,2026-03-18,True
876,Kindly note that Underground pipeline burst near main junction in Ward 4. Potable water is flooding the street for 24 hours. Immediate inspection requested.,Ward 4,Water Supply,Water Supply,2026-03-18,True
877,"Respected Municipal Commissioner, No water supply in Ward 4 since last 3 days. The overhead tank is overflowing but no water reaching houses in lane 3. Repeated complaints to ward councillor have gone unheard.",Ward 4,Water Supply,Water Supply,2026-03-17,True
878,Contaminated drinking water being pumped into our residential area in Ward 4. It has bad odor and muddy color.,Ward 4,Water Supply,Water Supply,2026-03-16,True
879,"Sir, bringing to your immediate notice: Public water tap broken near community center in Ward 4, wasting hundreds of liters daily. Repeated complaints to ward councillor have gone unheard.",Ward 4,Water Supply,Water Supply,2026-03-14,True
880,"Sir, bringing to your immediate notice: Contaminated drinking water being pumped into our residential area in Ward 4. It has bad odor and muddy color.",Ward 4,Water Supply,Water Supply,2026-03-19,True
881,"Sir, bringing to your immediate notice: Extremely low water pressure in Ward 4. Even motors cannot lift water to storage tanks on first floor. Immediate inspection requested.",Ward 4,Water Supply,Water Supply,2026-03-14,True
882,"Sir, bringing to your immediate notice: Public water tap broken near community center in Ward 4, wasting hundreds of liters daily.",Ward 4,Water Supply,Water Supply,2026-03-13,True
883,"Respected Municipal Commissioner, Extremely low water pressure in Ward 4. Even motors cannot lift water to storage tanks on first floor. Immediate inspection requested.",Ward 4,Water Supply,Water Supply,2026-03-13,True
884,Kindly note that No water supply in Ward 4 since last 3 days. The overhead tank is overflowing but no water reaching houses in lane 3. Immediate inspection requested.,Ward 4,Water Supply,Water Supply,2026-03-17,True
885,Underground pipeline burst near main junction in Ward 4. Potable water is flooding the street for 24 hours. Immediate inspection requested.,Ward 4,Water Supply,Water Supply,2026-03-16,True
886,Kindly note that Contaminated drinking water being pumped into our residential area in Ward 4. It has bad odor and muddy color. Repeated complaints to ward councillor have gone unheard.,Ward 4,Water Supply,Water Supply,2026-03-16,True
887,"Sir, bringing to your immediate notice: Public water tap broken near community center in Ward 4, wasting hundreds of liters daily.",Ward 4,Water Supply,Water Supply,2026-03-15,True
888,Urgent complaint: Contaminated drinking water being pumped into our residential area in Ward 4. It has bad odor and muddy color. Repeated complaints to ward councillor have gone unheard.,Ward 4,Water Supply,Water Supply,2026-03-16,True
889,Contaminated drinking water being pumped into our residential area in Ward 4. It has bad odor and muddy color. Citizens are suffering greatly.,Ward 4,Water Supply,Water Supply,2026-03-19,True
890,"Kindly note that Public water tap broken near community center in Ward 4, wasting hundreds of liters daily. Citizens are suffering greatly.",Ward 4,Water Supply,Water Supply,2026-03-17,True
891,No water supply in Ward 4 since last 3 days. The overhead tank is overflowing but no water reaching houses in lane 3. Immediate inspection requested.,Ward 4,Water Supply,Water Supply,2026-03-14,True
892,"Sir, bringing to your immediate notice: No water supply in Ward 4 since last 3 days. The overhead tank is overflowing but no water reaching houses in lane 3.",Ward 4,Water Supply,Water Supply,2026-03-17,True
893,Urgent complaint: Contaminated drinking water being pumped into our residential area in Ward 4. It has bad odor and muddy color. Repeated complaints to ward councillor have gone unheard.,Ward 4,Water Supply,Water Supply,2026-03-16,True
894,"Respected Municipal Commissioner, No water supply in Ward 4 since last 3 days. The overhead tank is overflowing but no water reaching houses in lane 3. Repeated complaints to ward councillor have gone unheard.",Ward 4,Water Supply,Water Supply,2026-03-15,True
895,"Urgent complaint: Public water tap broken near community center in Ward 4, wasting hundreds of liters daily. Citizens are suffering greatly.",Ward 4,Water Supply,Water Supply,2026-03-18,True
896,Kindly note that Sanitation workers have not swept the residential colony in Ward 7 for over two weeks. Immediate inspection requested.,Ward 7,Sanitation,Sanitation,2026-03-19,True
897,Urgent complaint: Sanitation workers have not swept the residential colony in Ward 7 for over two weeks. Repeated complaints to ward councillor have gone unheard.,Ward 7,Sanitation,Sanitation,2026-03-15,True
898,Kindly note that Open sewage drain overflowing across the walking street in Ward 7. Mosquito breeding hazard. Immediate inspection requested.,Ward 7,Sanitation,Sanitation,2026-03-19,True
899,Kindly note that Sanitation workers have not swept the residential colony in Ward 7 for over two weeks. Please take prompt action.,Ward 7,Sanitation,Sanitation,2026-03-19,True
900,"Sir, bringing to your immediate notice: Sanitation workers have not swept the residential colony in Ward 7 for over two weeks. Repeated complaints to ward councillor have gone unheard.",Ward 7,Sanitation,Sanitation,2026-03-15,True
901,"Sir, bringing to your immediate notice: Public dustbins overflowing and damaged near market area in Ward 7. Need immediate clearing. Citizens are suffering greatly.",Ward 7,Sanitation,Sanitation,2026-03-15,True
902,"Respected Municipal Commissioner, Dead animal lying on roadside in Ward 7 causing severe foul smell and health hazard.",Ward 7,Sanitation,Sanitation,2026-03-19,True
903,Kindly note that Open sewage drain overflowing across the walking street in Ward 7. Mosquito breeding hazard. Please take prompt action.,Ward 7,Sanitation,Sanitation,2026-03-18,True
904,"Sir, bringing to your immediate notice: Open sewage drain overflowing across the walking street in Ward 7. Mosquito breeding hazard. Repeated complaints to ward councillor have gone unheard.",Ward 7,Sanitation,Sanitation,2026-03-13,True
905,"Sir, bringing to your immediate notice: Public dustbins overflowing and damaged near market area in Ward 7. Need immediate clearing. Immediate inspection requested.",Ward 7,Sanitation,Sanitation,2026-03-19,True
906,"Respected Municipal Commissioner, Garbage not collected for 1 week in Ward 7. Smell is unbearable and stray animals are scattering waste everywhere. Repeated complaints to ward councillor have gone unheard.",Ward 7,Sanitation,Sanitation,2026-03-18,True
907,Garbage not collected for 1 week in Ward 7. Smell is unbearable and stray animals are scattering waste everywhere. Please take prompt action.,Ward 7,Sanitation,Sanitation,2026-03-18,True
908,Kindly note that Sanitation workers have not swept the residential colony in Ward 7 for over two weeks.,Ward 7,Sanitation,Sanitation,2026-03-16,True
909,"Respected Municipal Commissioner, Public dustbins overflowing and damaged near market area in Ward 7. Need immediate clearing. Citizens are suffering greatly.",Ward 7,Sanitation,Sanitation,2026-03-13,True
910,Sanitation workers have not swept the residential colony in Ward 7 for over two weeks. Repeated complaints to ward councillor have gone unheard.,Ward 7,Sanitation,Sanitation,2026-03-13,True
911,"Sir, bringing to your immediate notice: Sanitation workers have not swept the residential colony in Ward 7 for over two weeks. Citizens are suffering greatly.",Ward 7,Sanitation,Sanitation,2026-03-16,True
912,Sanitation workers have not swept the residential colony in Ward 7 for over two weeks. Please take prompt action.,Ward 7,Sanitation,Sanitation,2026-03-18,True
913,Kindly note that Dead animal lying on roadside in Ward 7 causing severe foul smell and health hazard.,Ward 7,Sanitation,Sanitation,2026-03-18,True
914,Urgent complaint: Sanitation workers have not swept the residential colony in Ward 7 for over two weeks. Please take prompt action.,Ward 7,Sanitation,Sanitation,2026-03-14,True
915,"Sir, bringing to your immediate notice: Sanitation workers have not swept the residential colony in Ward 7 for over two weeks. Immediate inspection requested.",Ward 7,Sanitation,Sanitation,2026-03-13,True
916,"Sir, bringing to your immediate notice: All streetlights on lane 4 in Ward 5 stay on during daytime and switch off at night. Please take prompt action.",Ward 5,Streetlights,Streetlights,2026-03-18,True
917,Urgent complaint: Street light near primary school has been broken for 2 months in Ward 5. Children walk in darkness during winter mornings. Please take prompt action.,Ward 5,Streetlights,Streetlights,2026-03-18,True
918,"Respected Municipal Commissioner, Street light near primary school has been broken for 2 months in Ward 5. Children walk in darkness during winter mornings.",Ward 5,Streetlights,Streetlights,2026-03-18,True
919,Urgent complaint: New LED street lights flickering continuously causing glare and headache in Ward 5. Repeated complaints to ward councillor have gone unheard.,Ward 5,Streetlights,Streetlights,2026-03-15,True
920,"Respected Municipal Commissioner, Underground cable fault knocked out entire street lighting grid in Ward 5. Immediate inspection requested.",Ward 5,Streetlights,Streetlights,2026-03-16,True
921,Street light near primary school has been broken for 2 months in Ward 5. Children walk in darkness during winter mornings. Immediate inspection requested.,Ward 5,Streetlights,Streetlights,2026-03-13,True
922,"Sir, bringing to your immediate notice: Underground cable fault knocked out entire street lighting grid in Ward 5. Citizens are suffering greatly.",Ward 5,Streetlights,Streetlights,2026-03-15,True
923,"Respected Municipal Commissioner, Dark stretch of 500 meters along canal road in Ward 5 due to non-functional sodium lamps. Immediate inspection requested.",Ward 5,Streetlights,Streetlights,2026-03-15,True
924,Kindly note that New LED street lights flickering continuously causing glare and headache in Ward 5. Immediate inspection requested.,Ward 5,Streetlights,Streetlights,2026-03-14,True
925,"Respected Municipal Commissioner, Dark stretch of 500 meters along canal road in Ward 5 due to non-functional sodium lamps. Repeated complaints to ward councillor have gone unheard.",Ward 5,Streetlights,Streetlights,2026-03-13,True
926,"Sir, bringing to your immediate notice: Street light near primary school has been broken for 2 months in Ward 5. Children walk in darkness during winter mornings.",Ward 5,Streetlights,Streetlights,2026-03-17,True
927,Urgent complaint: Dark stretch of 500 meters along canal road in Ward 5 due to non-functional sodium lamps.,Ward 5,Streetlights,Streetlights,2026-03-17,True
928,Urgent complaint: Underground cable fault knocked out entire street lighting grid in Ward 5. Immediate inspection requested.,Ward 5,Streetlights,Streetlights,2026-03-19,True
929,Urgent complaint: Underground cable fault knocked out entire street lighting grid in Ward 5. Repeated complaints to ward councillor have gone unheard.,Ward 5,Streetlights,Streetlights,2026-03-19,True
930,Kindly note that Underground cable fault knocked out entire street lighting grid in Ward 5. Please take prompt action.,Ward 5,Streetlights,Streetlights,2026-03-16,True
931,Kindly note that Dark stretch of 500 meters along canal road in Ward 5 due to non-functional sodium lamps. Repeated complaints to ward councillor have gone unheard.,Ward 5,Streetlights,Streetlights,2026-03-19,True
932,Underground pipeline burst near main junction in Ward 8. Potable water is flooding the street for 24 hours. Repeated complaints to ward councillor have gone unheard.,Ward 8,Water Supply,Water Supply,2026-03-20,True
933,Urgent complaint: Road dug up for pipeline work in Ward 11 left unpaved and open for over a month. Repeated complaints to ward councillor have gone unheard.,Ward 11,Roads,Roads,2026-03-25,True
934,Urgent complaint: Government primary school in Ward 9 lacks clean drinking water facility for students. Please take prompt action.,Ward 9,Education,Education,2026-03-24,True
935,Dark stretch of 500 meters along canal road in Ward 2 due to non-functional sodium lamps. Immediate inspection requested.,Ward 2,Streetlights,Streetlights,2026-03-23,True
936,"Respected Municipal Commissioner, Hanging live electric wire dangerously low across the school lane in Ward 8. Immediate inspection requested.",Ward 8,Electrical,Electrical,2026-03-22,True
937,Kindly note that All streetlights on lane 4 in Ward 3 stay on during daytime and switch off at night. Please take prompt action.,Ward 3,Streetlights,Streetlights,2026-03-25,True
938,"Respected Municipal Commissioner, Speed breaker missing near school crossing in Ward 12 where vehicles overspeed dangerously. Please take prompt action.",Ward 12,Roads,Roads,2026-03-21,True
939,Urgent complaint: Tar road completely eroded exposing sharp gravel stones in Ward 4. Please take prompt action.,Ward 4,Roads,Roads,2026-03-26,True
940,"Sir, bringing to your immediate notice: Dead animal lying on roadside in Ward 2 causing severe foul smell and health hazard.",Ward 2,Sanitation,Sanitation,2026-03-20,True
941,"Urgent complaint: Dry eucalyptus tree leaning towards residential roof in Ward 1, requires emergency pruning. Immediate inspection requested.",Ward 1,Forest,Forest,2026-03-26,True
942,"Kindly note that Boundary wall of municipal school collapsed in Ward 8, stray cattle entering premises. Please take prompt action.",Ward 8,Education,Education,2026-03-24,True
943,"Sir, bringing to your immediate notice: Overgrown tree branches touching high-tension power lines near house number 45 in Ward 5. Please take prompt action.",Ward 5,Forest,Forest,2026-03-23,True
944,Kindly note that Extremely low water pressure in Ward 9. Even motors cannot lift water to storage tanks on first floor. Immediate inspection requested.,Ward 9,Water Supply,Water Supply,2026-03-26,True
945,"Respected Municipal Commissioner, Extremely low water pressure in Ward 9. Even motors cannot lift water to storage tanks on first floor. Repeated complaints to ward councillor have gone unheard.",Ward 9,Water Supply,Water Supply,2026-03-22,True
946,Urgent complaint: Dead animal lying on roadside in Ward 12 causing severe foul smell and health hazard.,Ward 12,Sanitation,Sanitation,2026-03-24,True
947,"Sir, bringing to your immediate notice: Extremely low water pressure in Ward 11. Even motors cannot lift water to storage tanks on first floor.",Ward 11,Water Supply,Water Supply,2026-03-21,True
948,"Respected Municipal Commissioner, Boundary wall of municipal school collapsed in Ward 6, stray cattle entering premises. Immediate inspection requested.",Ward 6,Education,Education,2026-03-24,True
949,"Sir, bringing to your immediate notice: New LED street lights flickering continuously causing glare and headache in Ward 4. Citizens are suffering greatly.",Ward 4,Streetlights,Streetlights,2026-03-22,True
950,"Respected Municipal Commissioner, Boundary wall of municipal school collapsed in Ward 3, stray cattle entering premises. Repeated complaints to ward councillor have gone unheard.",Ward 3,Education,Education,2026-03-23,True
951,"Urgent complaint: Boundary wall of municipal school collapsed in Ward 6, stray cattle entering premises. Repeated complaints to ward councillor have gone unheard.",Ward 6,Education,Education,2026-03-26,True
952,"Respected Municipal Commissioner, Electric pole tilted dangerously after storm in Ward 10, risk of collapse.",Ward 10,Electrical,Electrical,2026-03-21,True
953,Kindly note that New LED street lights flickering continuously causing glare and headache in Ward 4. Please take prompt action.,Ward 4,Streetlights,Streetlights,2026-03-24,True
954,Power outage lasting more than 8 hours without prior notice in Ward 12. Please take prompt action.,Ward 12,Electrical,Electrical,2026-03-21,True
955,"Sir, bringing to your immediate notice: Ambulance parking blocked by unauthorized vendors near clinic in Ward 8. Immediate inspection requested.",Ward 8,Health,Health,2026-03-21,True
956,"Sir, bringing to your immediate notice: Boundary wall of municipal school collapsed in Ward 8, stray cattle entering premises. Immediate inspection requested.",Ward 8,Education,Education,2026-03-22,True
957,Contaminated drinking water being pumped into our residential area in Ward 7. It has bad odor and muddy color. Please take prompt action.,Ward 7,Water Supply,Water Supply,2026-03-20,True
958,Kindly note that Street light near primary school has been broken for 2 months in Ward 8. Children walk in darkness during winter mornings. Citizens are suffering greatly.,Ward 8,Streetlights,Streetlights,2026-03-26,True
959,"Sir, bringing to your immediate notice: Underground cable fault knocked out entire street lighting grid in Ward 6. Citizens are suffering greatly.",Ward 6,Streetlights,Streetlights,2026-03-22,True
960,Urgent complaint: Government primary school in Ward 1 lacks clean drinking water facility for students. Immediate inspection requested.,Ward 1,Education,Education,2026-03-23,True
961,"Respected Municipal Commissioner, Tar road completely eroded exposing sharp gravel stones in Ward 10. Citizens are suffering greatly.",Ward 10,Roads,Roads,2026-03-24,True
962,Kindly note that No ceiling fans working in class 5 classroom during summer heat in Ward 6. Repeated complaints to ward councillor have gone unheard.,Ward 6,Education,Education,2026-03-25,True
963,Kindly note that Public dustbins overflowing and damaged near market area in Ward 7. Need immediate clearing. Please take prompt action.,Ward 7,Sanitation,Sanitation,2026-03-24,True
964,Kindly note that Hanging live electric wire dangerously low across the school lane in Ward 11. Immediate inspection requested.,Ward 11,Electrical,Electrical,2026-03-26,True
965,Urgent complaint: Primary health center in Ward 2 has severe shortage of essential fever medicines and ORS packets. Please take prompt action.,Ward 2,Health,Health,2026-03-20,True
966,"Urgent complaint: Boundary wall of municipal school collapsed in Ward 6, stray cattle entering premises. Immediate inspection requested.",Ward 6,Education,Education,2026-03-25,True
967,"Sir, bringing to your immediate notice: Anti-larval fogging not carried out in Ward 5 despite multiple reported dengue cases. Immediate inspection requested.",Ward 5,Health,Health,2026-03-23,True
968,Property tax assessment receipt not generated despite online payment deduction in Ward 7. Please take prompt action.,Ward 7,Revenue,Revenue,2026-03-21,True
969,"Respected Municipal Commissioner, Deep potholes on main bus route in Ward 11 causing frequent two-wheeler accidents. Please take prompt action.",Ward 11,Roads,Roads,2026-03-22,True
970,Kindly note that Primary health center in Ward 2 has severe shortage of essential fever medicines and ORS packets. Immediate inspection requested.,Ward 2,Health,Health,2026-03-20,True
971,"Sir, bringing to your immediate notice: Extremely low water pressure in Ward 1. Even motors cannot lift water to storage tanks on first floor.",Ward 1,Water Supply,Water Supply,2026-03-26,True
972,Open sewage drain overflowing across the walking street in Ward 5. Mosquito breeding hazard. Repeated complaints to ward councillor have gone unheard.,Ward 5,Sanitation,Sanitation,2026-03-24,True
973,Kindly note that Dark stretch of 500 meters along canal road in Ward 4 due to non-functional sodium lamps. Please take prompt action.,Ward 4,Streetlights,Streetlights,2026-03-21,True
974,Transformer sparking intermittently during evening peak hours in Ward 9. Sparks falling near shops.,Ward 9,Electrical,Electrical,2026-03-26,True
975,"Kindly note that Boundary wall of municipal school collapsed in Ward 6, stray cattle entering premises. Immediate inspection requested.",Ward 6,Education,Education,2026-03-26,True
976,"Sir, bringing to your immediate notice: All streetlights on lane 4 in Ward 9 stay on during daytime and switch off at night. Please take prompt action.",Ward 9,Streetlights,Streetlights,2026-03-23,True
977,"Sir, bringing to your immediate notice: Delay in issuing trade license renewal certificate from zonal revenue office for Ward 11. Immediate inspection requested.",Ward 11,Revenue,Revenue,2026-03-25,True
978,"Respected Municipal Commissioner, Underground cable fault knocked out entire street lighting grid in Ward 6.",Ward 6,Streetlights,Streetlights,2026-03-23,True
979,Urgent complaint: Delay in issuing trade license renewal certificate from zonal revenue office for Ward 5. Please take prompt action.,Ward 5,Revenue,Revenue,2026-03-22,True
980,"Respected Municipal Commissioner, Underground cable fault knocked out entire street lighting grid in Ward 1. Citizens are suffering greatly.",Ward 1,Streetlights,Streetlights,2026-03-20,True
981,Kindly note that Street light near primary school has been broken for 2 months in Ward 8. Children walk in darkness during winter mornings. Repeated complaints to ward councillor have gone unheard.,Ward 8,Streetlights,Streetlights,2026-03-24,True
982,Urgent complaint: New LED street lights flickering continuously causing glare and headache in Ward 1. Immediate inspection requested.,Ward 1,Streetlights,Streetlights,2026-03-26,True
983,"Respected Municipal Commissioner, Speed breaker missing near school crossing in Ward 1 where vehicles overspeed dangerously. Repeated complaints to ward councillor have gone unheard.",Ward 1,Roads,Roads,2026-03-24,True
984,"Respected Municipal Commissioner, Overgrown tree branches touching high-tension power lines near house number 45 in Ward 7. Repeated complaints to ward councillor have gone unheard.",Ward 7,Forest,Forest,2026-03-23,True
985,Kindly note that Primary health center in Ward 4 has severe shortage of essential fever medicines and ORS packets. Please take prompt action.,Ward 4,Health,Health,2026-03-22,True
986,"Urgent complaint: Dry eucalyptus tree leaning towards residential roof in Ward 10, requires emergency pruning. Immediate inspection requested.",Ward 10,Forest,Forest,2026-03-26,True
987,"Respected Municipal Commissioner, Street light near primary school has been broken for 2 months in Ward 7. Children walk in darkness during winter mornings. Please take prompt action.",Ward 7,Streetlights,Streetlights,2026-03-21,True
988,"Sir, bringing to your immediate notice: New LED street lights flickering continuously causing glare and headache in Ward 2. Repeated complaints to ward councillor have gone unheard.",Ward 2,Streetlights,Streetlights,2026-03-25,True
989,"Respected Municipal Commissioner, New LED street lights flickering continuously causing glare and headache in Ward 12. Citizens are suffering greatly.",Ward 12,Streetlights,Streetlights,2026-03-24,True
990,"Public water tap broken near community center in Ward 3, wasting hundreds of liters daily. Please take prompt action.",Ward 3,Water Supply,Water Supply,2026-03-20,True
991,Kindly note that Open sewage drain overflowing across the walking street in Ward 5. Mosquito breeding hazard.,Ward 5,Sanitation,Sanitation,2026-03-22,True
992,Kindly note that Deep potholes on main bus route in Ward 2 causing frequent two-wheeler accidents. Please take prompt action.,Ward 2,Roads,Roads,2026-03-21,True
993,"Urgent complaint: Boundary wall of municipal school collapsed in Ward 7, stray cattle entering premises. Repeated complaints to ward councillor have gone unheard.",Ward 7,Education,Education,2026-03-22,True
994,Contaminated drinking water being pumped into our residential area in Ward 6. It has bad odor and muddy color. Citizens are suffering greatly.,Ward 6,Water Supply,Water Supply,2026-03-20,True
995,"Respected Municipal Commissioner, Anti-larval fogging not carried out in Ward 2 despite multiple reported dengue cases. Please take prompt action.",Ward 2,Health,Health,2026-03-24,True
996,Street light near primary school has been broken for 2 months in Ward 7. Children walk in darkness during winter mornings. Please take prompt action.,Ward 7,Streetlights,Streetlights,2026-03-26,True
997,Ambulance parking blocked by unauthorized vendors near clinic in Ward 8. Please take prompt action.,Ward 8,Health,Health,2026-03-21,True
998,"Sir, bringing to your immediate notice: Property tax assessment receipt not generated despite online payment deduction in Ward 12. Please take prompt action.",Ward 12,Revenue,Revenue,2026-03-26,True
999,Urgent complaint: Delay in issuing trade license renewal certificate from zonal revenue office for Ward 7. Please take prompt action.,Ward 7,Revenue,Revenue,2026-03-25,True
1000,"Public water tap broken near community center in Ward 12, wasting hundreds of liters daily. Citizens are suffering greatly.",Ward 12,Water Supply,Water Supply,2026-03-24,True
1001,Urgent complaint: Property tax assessment receipt not generated despite online payment deduction in Ward 11.,Ward 11,Revenue,Revenue,2026-03-22,True
1002,Urgent complaint: Waterlogging on road after brief rain in Ward 2 due to lack of storm water gradient.,Ward 2,Roads,Roads,2026-03-21,True
1003,Kindly note that Frequent power tripping and voltage fluctuation in Ward 5 damaging household refrigerators and fans. Please take prompt action.,Ward 5,Electrical,Electrical,2026-03-24,True
1004,"Sir, bringing to your immediate notice: Extremely low water pressure in Ward 1. Even motors cannot lift water to storage tanks on first floor. Please take prompt action.",Ward 1,Water Supply,Water Supply,2026-03-24,True
1005,Kindly note that Government primary school in Ward 2 lacks clean drinking water facility for students.,Ward 2,Education,Education,2026-03-21,True
1006,Urgent complaint: Government primary school in Ward 11 lacks clean drinking water facility for students. Please take prompt action.,Ward 11,Education,Education,2026-03-20,True
1007,"Respected Municipal Commissioner, Dry eucalyptus tree leaning towards residential roof in Ward 2, requires emergency pruning. Citizens are suffering greatly.",Ward 2,Forest,Forest,2026-03-21,True
1008,"Kindly note that Dry eucalyptus tree leaning towards residential roof in Ward 11, requires emergency pruning. Please take prompt action.",Ward 11,Forest,Forest,2026-03-26,True
1009,"Respected Municipal Commissioner, Underground pipeline burst near main junction in Ward 12. Potable water is flooding the street for 24 hours. Citizens are suffering greatly.",Ward 12,Water Supply,Water Supply,2026-03-23,True
1010,"Sir, bringing to your immediate notice: Extremely low water pressure in Ward 8. Even motors cannot lift water to storage tanks on first floor. Citizens are suffering greatly.",Ward 8,Water Supply,Water Supply,2026-03-25,True
1011,"Sir, bringing to your immediate notice: Overgrown tree branches touching high-tension power lines near house number 45 in Ward 12. Please take prompt action.",Ward 12,Forest,Forest,2026-03-23,True
1012,"Urgent complaint: Dry eucalyptus tree leaning towards residential roof in Ward 6, requires emergency pruning. Immediate inspection requested.",Ward 6,Forest,Forest,2026-03-22,True
1013,Kindly note that Overgrown tree branches touching high-tension power lines near house number 45 in Ward 3. Citizens are suffering greatly.,Ward 3,Forest,Forest,2026-03-20,True
1014,New LED street lights flickering continuously causing glare and headache in Ward 9. Immediate inspection requested.,Ward 9,Streetlights,Streetlights,2026-03-22,True
1015,"Sir, bringing to your immediate notice: Primary health center in Ward 12 has severe shortage of essential fever medicines and ORS packets. Citizens are suffering greatly.",Ward 12,Health,Health,2026-03-21,True
1016,"Sir, bringing to your immediate notice: Deep potholes on main bus route in Ward 6 causing frequent two-wheeler accidents. Repeated complaints to ward councillor have gone unheard.",Ward 6,Roads,Roads,2026-03-25,True
1017,"Sir, bringing to your immediate notice: Waterlogging on road after brief rain in Ward 9 due to lack of storm water gradient. Please take prompt action.",Ward 9,Roads,Roads,2026-03-25,True
1018,Dark stretch of 500 meters along canal road in Ward 6 due to non-functional sodium lamps.,Ward 6,Streetlights,Streetlights,2026-03-23,True
1019,"Respected Municipal Commissioner, Overgrown tree branches touching high-tension power lines near house number 45 in Ward 11. Please take prompt action.",Ward 11,Forest,Forest,2026-03-20,True
1020,"Respected Municipal Commissioner, Extremely low water pressure in Ward 4. Even motors cannot lift water to storage tanks on first floor.",Ward 4,Water Supply,Water Supply,2026-03-20,True
1021,Kindly note that Extremely low water pressure in Ward 10. Even motors cannot lift water to storage tanks on first floor. Immediate inspection requested.,Ward 10,Water Supply,Water Supply,2026-03-25,True
1022,"Sir, bringing to your immediate notice: All streetlights on lane 4 in Ward 1 stay on during daytime and switch off at night.",Ward 1,Streetlights,Streetlights,2026-03-22,True
1023,Extremely low water pressure in Ward 4. Even motors cannot lift water to storage tanks on first floor. Repeated complaints to ward councillor have gone unheard.,Ward 4,Water Supply,Water Supply,2026-03-25,True
1024,Urgent complaint: Extremely low water pressure in Ward 6. Even motors cannot lift water to storage tanks on first floor.,Ward 6,Water Supply,Water Supply,2026-03-24,True
1025,Urgent complaint: Street light near primary school has been broken for 2 months in Ward 9. Children walk in darkness during winter mornings.,Ward 9,Streetlights,Streetlights,2026-03-20,True
1026,"Respected Municipal Commissioner, Deep potholes on main bus route in Ward 9 causing frequent two-wheeler accidents. Immediate inspection requested.",Ward 9,Roads,Roads,2026-03-20,True
1027,"Respected Municipal Commissioner, Ambulance parking blocked by unauthorized vendors near clinic in Ward 4. Immediate inspection requested.",Ward 4,Health,Health,2026-03-21,True
1028,"Kindly note that Electric pole tilted dangerously after storm in Ward 9, risk of collapse.",Ward 9,Electrical,Electrical,2026-03-25,True
1029,Kindly note that No ceiling fans working in class 5 classroom during summer heat in Ward 11.,Ward 11,Education,Education,2026-03-23,True
1030,"Sir, bringing to your immediate notice: Power outage lasting more than 8 hours without prior notice in Ward 3. Citizens are suffering greatly.",Ward 3,Electrical,Electrical,2026-03-24,True
1031,Urgent complaint: Power outage lasting more than 8 hours without prior notice in Ward 9. Citizens are suffering greatly.,Ward 9,Electrical,Electrical,2026-03-24,True
1032,"Kindly note that Dry eucalyptus tree leaning towards residential roof in Ward 6, requires emergency pruning. Repeated complaints to ward councillor have gone unheard.",Ward 6,Forest,Forest,2026-03-26,True
1033,"Sir, bringing to your immediate notice: No ceiling fans working in class 5 classroom during summer heat in Ward 10. Please take prompt action.",Ward 10,Education,Education,2026-03-21,True
1034,Urgent complaint: Anti-larval fogging not carried out in Ward 9 despite multiple reported dengue cases. Repeated complaints to ward councillor have gone unheard.,Ward 9,Health,Health,2026-03-25,True
1035,Urgent complaint: Property tax assessment receipt not generated despite online payment deduction in Ward 7. Immediate inspection requested.,Ward 7,Revenue,Revenue,2026-03-20,True
1036,Underground pipeline burst near main junction in Ward 9. Potable water is flooding the street for 24 hours. Citizens are suffering greatly.,Ward 9,Water Supply,Water Supply,2026-03-21,True
1037,Speed breaker missing near school crossing in Ward 4 where vehicles overspeed dangerously. Citizens are suffering greatly.,Ward 4,Roads,Roads,2026-03-26,True
1038,Overgrown tree branches touching high-tension power lines near house number 45 in Ward 9.,Ward 9,Forest,Forest,2026-03-24,True
1039,Urgent complaint: Property tax assessment receipt not generated despite online payment deduction in Ward 6. Citizens are suffering greatly.,Ward 6,Revenue,Revenue,2026-03-21,True
1040,Speed breaker missing near school crossing in Ward 4 where vehicles overspeed dangerously. Immediate inspection requested.,Ward 4,Roads,Roads,2026-03-22,True
1041,Ambulance parking blocked by unauthorized vendors near clinic in Ward 10. Citizens are suffering greatly.,Ward 10,Health,Health,2026-03-21,True
1042,"Respected Municipal Commissioner, Extremely low water pressure in Ward 4. Even motors cannot lift water to storage tanks on first floor. Repeated complaints to ward councillor have gone unheard.",Ward 4,Water Supply,Water Supply,2026-03-26,True
1043,"Public water tap broken near community center in Ward 4, wasting hundreds of liters daily. Immediate inspection requested.",Ward 4,Water Supply,Water Supply,2026-03-26,True
1044,Underground pipeline burst near main junction in Ward 4. Potable water is flooding the street for 24 hours. Immediate inspection requested.,Ward 4,Water Supply,Water Supply,2026-03-25,True
1045,No water supply in Ward 4 since last 3 days. The overhead tank is overflowing but no water reaching houses in lane 3. Citizens are suffering greatly.,Ward 4,Water Supply,Water Supply,2026-03-23,True
1046,Kindly note that Extremely low water pressure in Ward 4. Even motors cannot lift water to storage tanks on first floor.,Ward 4,Water Supply,Water Supply,2026-03-22,True
1047,"Sir, bringing to your immediate notice: Contaminated drinking water being pumped into our residential area in Ward 4. It has bad odor and muddy color.",Ward 4,Water Supply,Water Supply,2026-03-26,True
1048,Extremely low water pressure in Ward 4. Even motors cannot lift water to storage tanks on first floor. Citizens are suffering greatly.,Ward 4,Water Supply,Water Supply,2026-03-25,True
1049,Urgent complaint: No water supply in Ward 4 since last 3 days. The overhead tank is overflowing but no water reaching houses in lane 3. Immediate inspection requested.,Ward 4,Water Supply,Water Supply,2026-03-24,True
1050,Urgent complaint: Contaminated drinking water being pumped into our residential area in Ward 4. It has bad odor and muddy color. Immediate inspection requested.,Ward 4,Water Supply,Water Supply,2026-03-24,True
1051,"Respected Municipal Commissioner, Contaminated drinking water being pumped into our residential area in Ward 4. It has bad odor and muddy color.",Ward 4,Water Supply,Water Supply,2026-03-25,True
1052,Kindly note that Extremely low water pressure in Ward 4. Even motors cannot lift water to storage tanks on first floor. Immediate inspection requested.,Ward 4,Water Supply,Water Supply,2026-03-25,True
1053,"Public water tap broken near community center in Ward 4, wasting hundreds of liters daily. Please take prompt action.",Ward 4,Water Supply,Water Supply,2026-03-24,True
1054,Kindly note that Underground pipeline burst near main junction in Ward 4. Potable water is flooding the street for 24 hours. Please take prompt action.,Ward 4,Water Supply,Water Supply,2026-03-23,True
1055,Underground pipeline burst near main junction in Ward 4. Potable water is flooding the street for 24 hours. Repeated complaints to ward councillor have gone unheard.,Ward 4,Water Supply,Water Supply,2026-03-21,True
1056,"Sir, bringing to your immediate notice: No water supply in Ward 4 since last 3 days. The overhead tank is overflowing but no water reaching houses in lane 3. Repeated complaints to ward councillor have gone unheard.",Ward 4,Water Supply,Water Supply,2026-03-24,True
1057,Kindly note that No water supply in Ward 4 since last 3 days. The overhead tank is overflowing but no water reaching houses in lane 3. Immediate inspection requested.,Ward 4,Water Supply,Water Supply,2026-03-22,True
1058,"Respected Municipal Commissioner, Contaminated drinking water being pumped into our residential area in Ward 4. It has bad odor and muddy color. Repeated complaints to ward councillor have gone unheard.",Ward 4,Water Supply,Water Supply,2026-03-23,True
1059,Kindly note that Contaminated drinking water being pumped into our residential area in Ward 4. It has bad odor and muddy color. Repeated complaints to ward councillor have gone unheard.,Ward 4,Water Supply,Water Supply,2026-03-24,True
1060,"Respected Municipal Commissioner, Public water tap broken near community center in Ward 4, wasting hundreds of liters daily. Immediate inspection requested.",Ward 4,Water Supply,Water Supply,2026-03-25,True
1061,"Respected Municipal Commissioner, Public water tap broken near community center in Ward 4, wasting hundreds of liters daily. Please take prompt action.",Ward 4,Water Supply,Water Supply,2026-03-24,True
1062,Kindly note that Underground pipeline burst near main junction in Ward 4. Potable water is flooding the street for 24 hours. Citizens are suffering greatly.,Ward 4,Water Supply,Water Supply,2026-03-20,True
1063,"Public water tap broken near community center in Ward 4, wasting hundreds of liters daily.",Ward 4,Water Supply,Water Supply,2026-03-25,True
1064,Kindly note that Extremely low water pressure in Ward 4. Even motors cannot lift water to storage tanks on first floor. Citizens are suffering greatly.,Ward 4,Water Supply,Water Supply,2026-03-25,True
1065,Urgent complaint: Contaminated drinking water being pumped into our residential area in Ward 4. It has bad odor and muddy color. Citizens are suffering greatly.,Ward 4,Water Supply,Water Supply,2026-03-22,True
1066,Urgent complaint: No water supply in Ward 4 since last 3 days. The overhead tank is overflowing but no water reaching houses in lane 3. Please take prompt action.,Ward 4,Water Supply,Water Supply,2026-03-24,True
1067,"Kindly note that Public water tap broken near community center in Ward 4, wasting hundreds of liters daily. Immediate inspection requested.",Ward 4,Water Supply,Water Supply,2026-03-22,True
1068,Extremely low water pressure in Ward 4. Even motors cannot lift water to storage tanks on first floor. Please take prompt action.,Ward 4,Water Supply,Water Supply,2026-03-21,True
1069,"Respected Municipal Commissioner, Underground pipeline burst near main junction in Ward 4. Potable water is flooding the street for 24 hours.",Ward 4,Water Supply,Water Supply,2026-03-21,True
1070,"Respected Municipal Commissioner, No water supply in Ward 4 since last 3 days. The overhead tank is overflowing but no water reaching houses in lane 3. Immediate inspection requested.",Ward 4,Water Supply,Water Supply,2026-03-20,True
1071,Underground pipeline burst near main junction in Ward 4. Potable water is flooding the street for 24 hours. Citizens are suffering greatly.,Ward 4,Water Supply,Water Supply,2026-03-21,True
1072,Urgent complaint: No water supply in Ward 4 since last 3 days. The overhead tank is overflowing but no water reaching houses in lane 3. Repeated complaints to ward councillor have gone unheard.,Ward 4,Water Supply,Water Supply,2026-03-25,True
1073,Urgent complaint: No water supply in Ward 4 since last 3 days. The overhead tank is overflowing but no water reaching houses in lane 3. Please take prompt action.,Ward 4,Water Supply,Water Supply,2026-03-23,True
1074,"Respected Municipal Commissioner, Public water tap broken near community center in Ward 4, wasting hundreds of liters daily. Please take prompt action.",Ward 4,Water Supply,Water Supply,2026-03-25,True
1075,"Urgent complaint: Public water tap broken near community center in Ward 4, wasting hundreds of liters daily. Immediate inspection requested.",Ward 4,Water Supply,Water Supply,2026-03-24,True
1076,"Respected Municipal Commissioner, Public water tap broken near community center in Ward 4, wasting hundreds of liters daily.",Ward 4,Water Supply,Water Supply,2026-03-23,True
1077,"Sir, bringing to your immediate notice: Sanitation workers have not swept the residential colony in Ward 7 for over two weeks.",Ward 7,Sanitation,Sanitation,2026-03-23,True
1078,Open sewage drain overflowing across the walking street in Ward 7. Mosquito breeding hazard. Citizens are suffering greatly.,Ward 7,Sanitation,Sanitation,2026-03-22,True
1079,Urgent complaint: Sanitation workers have not swept the residential colony in Ward 7 for over two weeks.,Ward 7,Sanitation,Sanitation,2026-03-21,True
1080,Garbage not collected for 1 week in Ward 7. Smell is unbearable and stray animals are scattering waste everywhere. Repeated complaints to ward councillor have gone unheard.,Ward 7,Sanitation,Sanitation,2026-03-23,True
1081,Urgent complaint: Public dustbins overflowing and damaged near market area in Ward 7. Need immediate clearing.,Ward 7,Sanitation,Sanitation,2026-03-25,True
1082,Kindly note that Public dustbins overflowing and damaged near market area in Ward 7. Need immediate clearing. Please take prompt action.,Ward 7,Sanitation,Sanitation,2026-03-20,True
1083,Sanitation workers have not swept the residential colony in Ward 7 for over two weeks. Citizens are suffering greatly.,Ward 7,Sanitation,Sanitation,2026-03-23,True
1084,"Sir, bringing to your immediate notice: Sanitation workers have not swept the residential colony in Ward 7 for over two weeks.",Ward 7,Sanitation,Sanitation,2026-03-23,True
1085,"Sir, bringing to your immediate notice: Open sewage drain overflowing across the walking street in Ward 7. Mosquito breeding hazard. Repeated complaints to ward councillor have gone unheard.",Ward 7,Sanitation,Sanitation,2026-03-21,True
1086,Garbage not collected for 1 week in Ward 7. Smell is unbearable and stray animals are scattering waste everywhere. Please take prompt action.,Ward 7,Sanitation,Sanitation,2026-03-24,True
1087,Urgent complaint: Public dustbins overflowing and damaged near market area in Ward 7. Need immediate clearing. Repeated complaints to ward councillor have gone unheard.,Ward 7,Sanitation,Sanitation,2026-03-24,True
1088,Open sewage drain overflowing across the walking street in Ward 7. Mosquito breeding hazard. Citizens are suffering greatly.,Ward 7,Sanitation,Sanitation,2026-03-23,True
1089,Urgent complaint: Public dustbins overflowing and damaged near market area in Ward 7. Need immediate clearing. Citizens are suffering greatly.,Ward 7,Sanitation,Sanitation,2026-03-25,True
1090,Urgent complaint: Sanitation workers have not swept the residential colony in Ward 7 for over two weeks.,Ward 7,Sanitation,Sanitation,2026-03-21,True
1091,Kindly note that Public dustbins overflowing and damaged near market area in Ward 7. Need immediate clearing.,Ward 7,Sanitation,Sanitation,2026-03-25,True
1092,"Respected Municipal Commissioner, Public dustbins overflowing and damaged near market area in Ward 7. Need immediate clearing. Please take prompt action.",Ward 7,Sanitation,Sanitation,2026-03-24,True
1093,"Respected Municipal Commissioner, Dead animal lying on roadside in Ward 7 causing severe foul smell and health hazard.",Ward 7,Sanitation,Sanitation,2026-03-22,True
1094,"Sir, bringing to your immediate notice: Dead animal lying on roadside in Ward 7 causing severe foul smell and health hazard. Immediate inspection requested.",Ward 7,Sanitation,Sanitation,2026-03-25,True
1095,Kindly note that Open sewage drain overflowing across the walking street in Ward 7. Mosquito breeding hazard. Please take prompt action.,Ward 7,Sanitation,Sanitation,2026-03-26,True
1096,Kindly note that Open sewage drain overflowing across the walking street in Ward 7. Mosquito breeding hazard. Citizens are suffering greatly.,Ward 7,Sanitation,Sanitation,2026-03-24,True
1097,Kindly note that Dark stretch of 500 meters along canal road in Ward 5 due to non-functional sodium lamps. Immediate inspection requested.,Ward 5,Streetlights,Streetlights,2026-03-24,True
1098,"Respected Municipal Commissioner, All streetlights on lane 4 in Ward 5 stay on during daytime and switch off at night. Immediate inspection requested.",Ward 5,Streetlights,Streetlights,2026-03-21,True
1099,"Respected Municipal Commissioner, All streetlights on lane 4 in Ward 5 stay on during daytime and switch off at night. Citizens are suffering greatly.",Ward 5,Streetlights,Streetlights,2026-03-24,True
1100,"Respected Municipal Commissioner, Underground cable fault knocked out entire street lighting grid in Ward 5. Repeated complaints to ward councillor have gone unheard.",Ward 5,Streetlights,Streetlights,2026-03-25,True
1101,"Sir, bringing to your immediate notice: All streetlights on lane 4 in Ward 5 stay on during daytime and switch off at night. Please take prompt action.",Ward 5,Streetlights,Streetlights,2026-03-26,True
1102,"Sir, bringing to your immediate notice: Street light near primary school has been broken for 2 months in Ward 5. Children walk in darkness during winter mornings. Immediate inspection requested.",Ward 5,Streetlights,Streetlights,2026-03-22,True
1103,"Respected Municipal Commissioner, Street light near primary school has been broken for 2 months in Ward 5. Children walk in darkness during winter mornings. Citizens are suffering greatly.",Ward 5,Streetlights,Streetlights,2026-03-25,True
1104,All streetlights on lane 4 in Ward 5 stay on during daytime and switch off at night. Citizens are suffering greatly.,Ward 5,Streetlights,Streetlights,2026-03-26,True
1105,Urgent complaint: New LED street lights flickering continuously causing glare and headache in Ward 5. Repeated complaints to ward councillor have gone unheard.,Ward 5,Streetlights,Streetlights,2026-03-23,True
1106,"Respected Municipal Commissioner, Dark stretch of 500 meters along canal road in Ward 5 due to non-functional sodium lamps. Please take prompt action.",Ward 5,Streetlights,Streetlights,2026-03-25,True
1107,"Respected Municipal Commissioner, All streetlights on lane 4 in Ward 5 stay on during daytime and switch off at night.",Ward 5,Streetlights,Streetlights,2026-03-20,True
1108,"Sir, bringing to your immediate notice: Underground cable fault knocked out entire street lighting grid in Ward 5. Citizens are suffering greatly.",Ward 5,Streetlights,Streetlights,2026-03-26,True
1109,"Sir, bringing to your immediate notice: Underground cable fault knocked out entire street lighting grid in Ward 5. Please take prompt action.",Ward 5,Streetlights,Streetlights,2026-03-24,True
1110,"Respected Municipal Commissioner, All streetlights on lane 4 in Ward 5 stay on during daytime and switch off at night.",Ward 5,Streetlights,Streetlights,2026-03-24,True
1111,Kindly note that Street light near primary school has been broken for 2 months in Ward 5. Children walk in darkness during winter mornings. Please take prompt action.,Ward 5,Streetlights,Streetlights,2026-03-22,True
1112,Kindly note that Underground cable fault knocked out entire street lighting grid in Ward 5. Citizens are suffering greatly.,Ward 5,Streetlights,Streetlights,2026-03-24,True
1113,Kindly note that Road dug up for pipeline work in Ward 1 left unpaved and open for over a month. Repeated complaints to ward councillor have gone unheard.,Ward 1,Roads,Roads,2026-03-20,True
1114,"Respected Municipal Commissioner, Waterlogging on road after brief rain in Ward 1 due to lack of storm water gradient. Please take prompt action.",Ward 1,Roads,Roads,2026-03-20,True
1115,"Respected Municipal Commissioner, Road dug up for pipeline work in Ward 1 left unpaved and open for over a month.",Ward 1,Roads,Roads,2026-03-20,True
1116,Waterlogging on road after brief rain in Ward 1 due to lack of storm water gradient. Citizens are suffering greatly.,Ward 1,Roads,Roads,2026-03-20,True
1117,"Respected Municipal Commissioner, Waterlogging on road after brief rain in Ward 1 due to lack of storm water gradient. Please take prompt action.",Ward 1,Roads,Roads,2026-03-20,True
1118,Road dug up for pipeline work in Ward 1 left unpaved and open for over a month. Please take prompt action.,Ward 1,Roads,Roads,2026-03-20,True
1119,"Sir, bringing to your immediate notice: Waterlogging on road after brief rain in Ward 1 due to lack of storm water gradient. Repeated complaints to ward councillor have gone unheard.",Ward 1,Roads,Roads,2026-03-20,True
1120,Kindly note that Speed breaker missing near school crossing in Ward 1 where vehicles overspeed dangerously. Please take prompt action.,Ward 1,Roads,Roads,2026-03-20,True
1121,Kindly note that Waterlogging on road after brief rain in Ward 1 due to lack of storm water gradient.,Ward 1,Roads,Roads,2026-03-20,True
1122,Kindly note that Tar road completely eroded exposing sharp gravel stones in Ward 1. Citizens are suffering greatly.,Ward 1,Roads,Roads,2026-03-20,True
1123,"Sir, bringing to your immediate notice: Waterlogging on road after brief rain in Ward 1 due to lack of storm water gradient. Immediate inspection requested.",Ward 1,Roads,Roads,2026-03-20,True
1124,"Sir, bringing to your immediate notice: Tar road completely eroded exposing sharp gravel stones in Ward 1. Immediate inspection requested.",Ward 1,Roads,Roads,2026-03-20,True
1125,"Sir, bringing to your immediate notice: Deep potholes on main bus route in Ward 1 causing frequent two-wheeler accidents.",Ward 1,Roads,Roads,2026-03-20,True
1126,Kindly note that Waterlogging on road after brief rain in Ward 1 due to lack of storm water gradient.,Ward 1,Roads,Roads,2026-03-20,True
1127,"Sir, bringing to your immediate notice: Road dug up for pipeline work in Ward 1 left unpaved and open for over a month. Immediate inspection requested.",Ward 1,Roads,Roads,2026-03-20,True
1128,Waterlogging on road after brief rain in Ward 1 due to lack of storm water gradient. Immediate inspection requested.,Ward 1,Roads,Roads,2026-03-20,True
1129,"Sir, bringing to your immediate notice: Waterlogging on road after brief rain in Ward 1 due to lack of storm water gradient.",Ward 1,Roads,Roads,2026-03-20,True
1130,Urgent complaint: Road dug up for pipeline work in Ward 1 left unpaved and open for over a month. Repeated complaints to ward councillor have gone unheard.,Ward 1,Roads,Roads,2026-03-20,True
1131,Urgent complaint: Waterlogging on road after brief rain in Ward 1 due to lack of storm water gradient. Citizens are suffering greatly.,Ward 1,Roads,Roads,2026-03-20,True
1132,"Respected Municipal Commissioner, Waterlogging on road after brief rain in Ward 1 due to lack of storm water gradient. Repeated complaints to ward councillor have gone unheard.",Ward 1,Roads,Roads,2026-03-20,True
1133,"Sir, bringing to your immediate notice: Speed breaker missing near school crossing in Ward 1 where vehicles overspeed dangerously.",Ward 1,Roads,Roads,2026-03-20,True
1134,"Respected Municipal Commissioner, Tar road completely eroded exposing sharp gravel stones in Ward 1. Repeated complaints to ward councillor have gone unheard.",Ward 1,Roads,Roads,2026-03-20,True
1135,Waterlogging on road after brief rain in Ward 1 due to lack of storm water gradient. Immediate inspection requested.,Ward 1,Roads,Roads,2026-03-20,True
1136,"Respected Municipal Commissioner, Deep potholes on main bus route in Ward 1 causing frequent two-wheeler accidents. Immediate inspection requested.",Ward 1,Roads,Roads,2026-03-20,True
1137,"Respected Municipal Commissioner, Tar road completely eroded exposing sharp gravel stones in Ward 1. Repeated complaints to ward councillor have gone unheard.",Ward 1,Roads,Roads,2026-03-20,True
1138,Urgent complaint: Waterlogging on road after brief rain in Ward 1 due to lack of storm water gradient. Repeated complaints to ward councillor have gone unheard.,Ward 1,Roads,Roads,2026-03-20,True
1139,"Respected Municipal Commissioner, Deep potholes on main bus route in Ward 1 causing frequent two-wheeler accidents. Repeated complaints to ward councillor have gone unheard.",Ward 1,Roads,Roads,2026-03-20,True
1140,"Respected Municipal Commissioner, Tar road completely eroded exposing sharp gravel stones in Ward 1. Repeated complaints to ward councillor have gone unheard.",Ward 1,Roads,Roads,2026-03-20,True
1141,Urgent complaint: Deep potholes on main bus route in Ward 1 causing frequent two-wheeler accidents. Citizens are suffering greatly.,Ward 1,Roads,Roads,2026-03-20,True
1142,Road dug up for pipeline work in Ward 1 left unpaved and open for over a month.,Ward 1,Roads,Roads,2026-03-20,True
1143,Kindly note that Deep potholes on main bus route in Ward 1 causing frequent two-wheeler accidents. Citizens are suffering greatly.,Ward 1,Roads,Roads,2026-03-20,True
1144,"Sir, bringing to your immediate notice: Deep potholes on main bus route in Ward 1 causing frequent two-wheeler accidents. Repeated complaints to ward councillor have gone unheard.",Ward 1,Roads,Roads,2026-03-20,True
1145,"Sir, bringing to your immediate notice: Tar road completely eroded exposing sharp gravel stones in Ward 1. Please take prompt action.",Ward 1,Roads,Roads,2026-03-20,True
1146,"Sir, bringing to your immediate notice: Waterlogging on road after brief rain in Ward 1 due to lack of storm water gradient. Repeated complaints to ward councillor have gone unheard.",Ward 1,Roads,Roads,2026-03-20,True
1147,"Respected Municipal Commissioner, Deep potholes on main bus route in Ward 1 causing frequent two-wheeler accidents. Citizens are suffering greatly.",Ward 1,Roads,Roads,2026-03-20,True
1148,"Respected Municipal Commissioner, Tar road completely eroded exposing sharp gravel stones in Ward 1. Please take prompt action.",Ward 1,Roads,Roads,2026-03-20,True
1149,"Respected Municipal Commissioner, Road dug up for pipeline work in Ward 1 left unpaved and open for over a month.",Ward 1,Roads,Roads,2026-03-20,True
1150,Urgent complaint: Waterlogging on road after brief rain in Ward 1 due to lack of storm water gradient. Citizens are suffering greatly.,Ward 1,Roads,Roads,2026-03-20,True
1151,Urgent complaint: Waterlogging on road after brief rain in Ward 1 due to lack of storm water gradient. Please take prompt action.,Ward 1,Roads,Roads,2026-03-20,True
1152,"Respected Municipal Commissioner, Deep potholes on main bus route in Ward 1 causing frequent two-wheeler accidents. Please take prompt action.",Ward 1,Roads,Roads,2026-03-20,True
1153,"Sir, bringing to your immediate notice: Deep potholes on main bus route in Ward 1 causing frequent two-wheeler accidents. Citizens are suffering greatly.",Ward 1,Roads,Roads,2026-03-20,True
1154,Kindly note that Deep potholes on main bus route in Ward 1 causing frequent two-wheeler accidents. Repeated complaints to ward councillor have gone unheard.,Ward 1,Roads,Roads,2026-03-20,True
1155,"Sir, bringing to your immediate notice: Waterlogging on road after brief rain in Ward 1 due to lack of storm water gradient.",Ward 1,Roads,Roads,2026-03-20,True
1156,Kindly note that Tar road completely eroded exposing sharp gravel stones in Ward 1. Please take prompt action.,Ward 1,Roads,Roads,2026-03-20,True
1157,"Sir, bringing to your immediate notice: Road dug up for pipeline work in Ward 1 left unpaved and open for over a month. Repeated complaints to ward councillor have gone unheard.",Ward 1,Roads,Roads,2026-03-20,True
1158,Kindly note that Waterlogging on road after brief rain in Ward 1 due to lack of storm water gradient. Repeated complaints to ward councillor have gone unheard.,Ward 1,Roads,Roads,2026-03-20,True
1159,"Sir, bringing to your immediate notice: Deep potholes on main bus route in Ward 1 causing frequent two-wheeler accidents. Immediate inspection requested.",Ward 1,Roads,Roads,2026-03-20,True
1160,"Respected Municipal Commissioner, Deep potholes on main bus route in Ward 1 causing frequent two-wheeler accidents. Immediate inspection requested.",Ward 1,Roads,Roads,2026-03-20,True
1161,"Sir, bringing to your immediate notice: Speed breaker missing near school crossing in Ward 1 where vehicles overspeed dangerously. Immediate inspection requested.",Ward 1,Roads,Roads,2026-03-20,True
1162,Road dug up for pipeline work in Ward 1 left unpaved and open for over a month. Please take prompt action.,Ward 1,Roads,Roads,2026-03-20,True
1163,Road dug up for pipeline work in Ward 1 left unpaved and open for over a month. Citizens are suffering greatly.,Ward 1,Roads,Roads,2026-03-20,True
1164,"Respected Municipal Commissioner, Deep potholes on main bus route in Ward 1 causing frequent two-wheeler accidents.",Ward 1,Roads,Roads,2026-03-20,True
1165,"Sir, bringing to your immediate notice: Tar road completely eroded exposing sharp gravel stones in Ward 1. Citizens are suffering greatly.",Ward 1,Roads,Roads,2026-03-20,True
1166,Speed breaker missing near school crossing in Ward 1 where vehicles overspeed dangerously.,Ward 1,Roads,Roads,2026-03-20,True
1167,Kindly note that Deep potholes on main bus route in Ward 1 causing frequent two-wheeler accidents. Please take prompt action.,Ward 1,Roads,Roads,2026-03-20,True
1168,Urgent complaint: Road dug up for pipeline work in Ward 1 left unpaved and open for over a month. Immediate inspection requested.,Ward 1,Roads,Roads,2026-03-20,True
1169,"Sir, bringing to your immediate notice: Tar road completely eroded exposing sharp gravel stones in Ward 1. Immediate inspection requested.",Ward 1,Roads,Roads,2026-03-20,True
1170,Kindly note that Road dug up for pipeline work in Ward 1 left unpaved and open for over a month. Immediate inspection requested.,Ward 1,Roads,Roads,2026-03-20,True
1171,Speed breaker missing near school crossing in Ward 1 where vehicles overspeed dangerously.,Ward 1,Roads,Roads,2026-03-20,True
1172,Urgent complaint: Speed breaker missing near school crossing in Ward 1 where vehicles overspeed dangerously. Citizens are suffering greatly.,Ward 1,Roads,Roads,2026-03-20,True
1173,Waterlogging on road after brief rain in Ward 1 due to lack of storm water gradient. Repeated complaints to ward councillor have gone unheard.,Ward 1,Roads,Roads,2026-03-20,True
1174,Tar road completely eroded exposing sharp gravel stones in Ward 1. Citizens are suffering greatly.,Ward 1,Roads,Roads,2026-03-20,True
1175,"Respected Municipal Commissioner, Waterlogging on road after brief rain in Ward 1 due to lack of storm water gradient.",Ward 1,Roads,Roads,2026-03-20,True
1176,Urgent complaint: Speed breaker missing near school crossing in Ward 1 where vehicles overspeed dangerously. Immediate inspection requested.,Ward 1,Roads,Roads,2026-03-20,True
1177,"Sir, bringing to your immediate notice: Waterlogging on road after brief rain in Ward 1 due to lack of storm water gradient. Please take prompt action.",Ward 1,Roads,Roads,2026-03-20,True
1178,"Sir, bringing to your immediate notice: Road dug up for pipeline work in Ward 1 left unpaved and open for over a month.",Ward 1,Roads,Roads,2026-03-20,True
1179,"Sir, bringing to your immediate notice: Deep potholes on main bus route in Ward 1 causing frequent two-wheeler accidents. Immediate inspection requested.",Ward 1,Roads,Roads,2026-03-20,True
1180,Kindly note that Deep potholes on main bus route in Ward 1 causing frequent two-wheeler accidents. Immediate inspection requested.,Ward 1,Roads,Roads,2026-03-20,True
1181,Kindly note that Speed breaker missing near school crossing in Ward 1 where vehicles overspeed dangerously. Immediate inspection requested.,Ward 1,Roads,Roads,2026-03-20,True
1182,Urgent complaint: Speed breaker missing near school crossing in Ward 1 where vehicles overspeed dangerously. Immediate inspection requested.,Ward 1,Roads,Roads,2026-03-20,True
1183,"Sir, bringing to your immediate notice: Tar road completely eroded exposing sharp gravel stones in Ward 1. Citizens are suffering greatly.",Ward 1,Roads,Roads,2026-03-20,True
1184,"Sir, bringing to your immediate notice: Road dug up for pipeline work in Ward 1 left unpaved and open for over a month. Immediate inspection requested.",Ward 1,Roads,Roads,2026-03-20,True
1185,"Sir, bringing to your immediate notice: Waterlogging on road after brief rain in Ward 1 due to lack of storm water gradient. Repeated complaints to ward councillor have gone unheard.",Ward 1,Roads,Roads,2026-03-20,True
1186,"Respected Municipal Commissioner, Waterlogging on road after brief rain in Ward 1 due to lack of storm water gradient. Immediate inspection requested.",Ward 1,Roads,Roads,2026-03-20,True
1187,Urgent complaint: Road dug up for pipeline work in Ward 1 left unpaved and open for over a month. Please take prompt action.,Ward 1,Roads,Roads,2026-03-20,True
1188,Deep potholes on main bus route in Ward 1 causing frequent two-wheeler accidents.,Ward 1,Roads,Roads,2026-03-20,True
1189,Waterlogging on road after brief rain in Ward 1 due to lack of storm water gradient. Please take prompt action.,Ward 1,Roads,Roads,2026-03-20,True
1190,Kindly note that Tar road completely eroded exposing sharp gravel stones in Ward 1. Repeated complaints to ward councillor have gone unheard.,Ward 1,Roads,Roads,2026-03-20,True
1191,Urgent complaint: Deep potholes on main bus route in Ward 1 causing frequent two-wheeler accidents. Citizens are suffering greatly.,Ward 1,Roads,Roads,2026-03-20,True
1192,"Respected Municipal Commissioner, Tar road completely eroded exposing sharp gravel stones in Ward 1.",Ward 1,Roads,Roads,2026-03-20,True
1193,Urgent complaint: Road dug up for pipeline work in Ward 1 left unpaved and open for over a month. Citizens are suffering greatly.,Ward 1,Roads,Roads,2026-03-20,True
1194,Urgent complaint: Deep potholes on main bus route in Ward 1 causing frequent two-wheeler accidents. Citizens are suffering greatly.,Ward 1,Roads,Roads,2026-03-20,True
1195,"Sir, bringing to your immediate notice: Tar road completely eroded exposing sharp gravel stones in Ward 1. Citizens are suffering greatly.",Ward 1,Roads,Roads,2026-03-20,True
1196,Deep potholes on main bus route in Ward 1 causing frequent two-wheeler accidents. Citizens are suffering greatly.,Ward 1,Roads,Roads,2026-03-20,True
1197,Kindly note that Speed breaker missing near school crossing in Ward 1 where vehicles overspeed dangerously. Immediate inspection requested.,Ward 1,Roads,Roads,2026-03-20,True
1198,Tar road completely eroded exposing sharp gravel stones in Ward 1. Please take prompt action.,Ward 1,Roads,Roads,2026-03-20,True
1199,Urgent complaint: Road dug up for pipeline work in Ward 1 left unpaved and open for over a month. Citizens are suffering greatly.,Ward 1,Roads,Roads,2026-03-20,True
1200,Kindly note that Waterlogging on road after brief rain in Ward 1 due to lack of storm water gradient.,Ward 1,Roads,Roads,2026-03-20,True
